query_id,query_label,global_prediction,reranked_prediction,global_correct_rank,reranked_correct_rank,failure_category,global_top_candidates,mnn_top_scores
sample_000030,Bà Nà Hills - Cầu Vàng,Landmark 81,Landmark 81,26.0,26.0,correct result exists in top-100 but not top-10,"[252, 578, 258, 396, 261, 255, 248, 603, 40, 46]","[0.4481431841850281, 0.34940996766090393, 0.3306792080402374, 0.3250788450241089, 0.3032127618789673, 0.29431354999542236, 0.2938036024570465, 0.27939242124557495, 0.2784314751625061, 0.27632468938827515]"
sample_000103,Bà Nà Hills - Cầu Vàng,Địa Đạo Củ Chi,Địa Đạo Củ Chi,34.0,34.0,correct result exists in top-100 but not top-10,"[650, 646, 181, 545, 548, 309, 308, 180, 612, 313]","[0.3132581412792206, 0.27536541223526, 0.18438531458377838, 0.1658385992050171, 0.1627933233976364, 0.15474967658519745, 0.15080222487449646, 0.14911633729934692, 0.1452389359474182, 0.14301946759223938]"
sample_000407,Bưu Điện Sài Gòn,Chợ Bến Thành,Chợ Bến Thành,2.0,2.0,correct result exists in top-10 but not top-1,"[119, 13, 15, 18, 14, 12, 382, 656, 29, 380]","[0.4239228367805481, 0.3951108157634735, 0.36216849088668823, 0.35872146487236023, 0.34500354528427124, 0.34263309836387634, 0.25188666582107544, 0.22676077485084534, 0.21438543498516083, 0.15441825985908508]"
sample_000234,Bến Ninh Kiều,Văn Miếu - Quốc Tử Giám,Văn Miếu - Quốc Tử Giám,49.0,49.0,correct result exists in top-100 but not top-10,"[494, 504, 205, 560, 372, 617, 70, 59, 72, 85]","[0.4143798351287842, 0.36068710684776306, 0.351584792137146, 0.34244945645332336, 0.3400287628173828, 0.33913978934288025, 0.3360130190849304, 0.3312492370605469, 0.32960978150367737, 0.32303762435913086]"
sample_000732,Chùa Bái Đính,Chùa Hương,Chùa Hương,34.0,34.0,correct result exists in top-100 but not top-10,"[66, 62, 503, 613, 607, 496, 618, 307, 306, 300]","[0.7612301707267761, 0.7399963140487671, 0.7345613241195679, 0.7304401397705078, 0.7292659878730774, 0.679467499256134, 0.674518346786499, 0.6700249314308167, 0.6700249314308167, 0.654819905757904]"
sample_000834,Chùa Bái Đính,Chùa Hương,Chùa Hương,5.0,5.0,correct result exists in top-10 but not top-1,"[60, 61, 554, 570, 54, 558, 616, 63, 566, 559]","[0.7337651252746582, 0.7247352600097656, 0.7125755548477173, 0.695604145526886, 0.6881702542304993, 0.6728343963623047, 0.6562168598175049, 0.617347002029419, 0.6117203831672668, 0.6056264042854309]"
sample_000856,Chùa Bái Đính,Chùa Hương,Chùa Hương,6.0,6.0,correct result exists in top-10 but not top-1,"[70, 502, 235, 1, 72, 43, 85, 59, 556, 83]","[0.35695257782936096, 0.315123975276947, 0.2949829399585724, 0.2775861918926239, 0.2773474156856537, 0.2668232321739197, 0.2623921036720276, 0.25768163800239563, 0.2574812173843384, 0.2460426390171051]"
sample_000766,Chùa Bái Đính,Quần Thể Tràng An,Quần Thể Tràng An,4.0,4.0,correct result exists in top-10 but not top-1,"[405, 407, 404, 58, 305, 406, 402, 412, 401, 426]","[0.8344175815582275, 0.8343103528022766, 0.8257765769958496, 0.7775099277496338, 0.7771028876304626, 0.7485742568969727, 0.717540442943573, 0.6982320547103882, 0.6936127543449402, 0.6871882677078247]"
sample_000701,Chùa Bái Đính,Chùa Hương,Chùa Hương,6.0,6.0,correct result exists in top-10 but not top-1,"[61, 60, 616, 554, 570, 56, 558, 559, 563, 566]","[0.7460004687309265, 0.7250909209251404, 0.6907694339752197, 0.659712016582489, 0.6532089114189148, 0.6316003203392029, 0.6258026361465454, 0.6161503195762634, 0.6114124059677124, 0.6038933396339417]"
sample_000971,Chùa Hương,Tam Cốc - Bích Động,Tam Cốc - Bích Động,20.0,20.0,correct result exists in top-100 but not top-10,"[419, 122, 381, 524, 35, 34, 366, 229, 123, 127]","[0.5681388974189758, 0.5512149333953857, 0.5120664834976196, 0.5013803243637085, 0.49314236640930176, 0.4886276125907898, 0.47679150104522705, 0.4640997052192688, 0.46057039499282837, 0.4586678743362427]"
sample_000945,Chùa Hương,Chùa Một Cột,Chùa Một Cột,2.0,2.0,correct result exists in top-10 but not top-1,"[88, 63, 72, 61, 570, 554, 60, 59, 489, 64]","[0.5931662917137146, 0.5655518770217896, 0.5596814155578613, 0.5517388582229614, 0.545583963394165, 0.5436199903488159, 0.5395531058311462, 0.5266070365905762, 0.5182175636291504, 0.49738967418670654]"
sample_001020,Chùa Hương,Đảo Cù Lao Chàm,Đảo Cù Lao Chàm,12.0,12.0,correct result exists in top-100 but not top-10,"[573, 651, 587, 346, 612, 36, 514, 515, 507, 379]","[0.4521366357803345, 0.4296749234199524, 0.40230780839920044, 0.38479137420654297, 0.37402138113975525, 0.36472922563552856, 0.3597985804080963, 0.3578069806098938, 0.34183013439178467, 0.33275818824768066]"
sample_000891,Chùa Hương,Tam Cốc - Bích Động,Tam Cốc - Bích Động,3.0,3.0,correct result exists in top-10 but not top-1,"[410, 411, 69, 421, 416, 222, 413, 417, 426, 531]","[0.8166276812553406, 0.7424538731575012, 0.7411918640136719, 0.7406536340713501, 0.7288004159927368, 0.7154492139816284, 0.7070199251174927, 0.7029241323471069, 0.7028204798698425, 0.695877194404602]"
sample_000999,Chùa Hương,Quần Thể Tràng An,Quần Thể Tràng An,5.0,5.0,correct result exists in top-10 but not top-1,"[407, 402, 369, 305, 69, 58, 412, 405, 401, 406]","[0.7287079691886902, 0.7280807495117188, 0.7164441347122192, 0.6967254877090454, 0.6917596459388733, 0.6892465353012085, 0.6664954423904419, 0.6451829075813293, 0.6391109228134155, 0.6270638704299927]"
sample_001245,Chùa Một Cột,Lăng Chủ Tịch Hồ Chí Minh,Lăng Chủ Tịch Hồ Chí Minh,100.0,100.0,correct result exists in top-100 but not top-10,"[267, 262, 275, 269, 270, 265, 274, 271, 273, 264]","[0.8330216407775879, 0.8279317021369934, 0.8257884979248047, 0.8253198862075806, 0.7882446050643921, 0.7881249785423279, 0.782979428768158, 0.782034695148468, 0.740513265132904, 0.7117757797241211]"
sample_001228,Chùa Một Cột,Văn Miếu - Quốc Tử Giám,Văn Miếu - Quốc Tử Giám,24.0,24.0,correct result exists in top-100 but not top-10,"[503, 496, 66, 62, 300, 307, 306, 205, 210, 197]","[0.8606630563735962, 0.831701934337616, 0.7971768975257874, 0.7785006761550903, 0.7582154870033264, 0.7194266319274902, 0.7194266319274902, 0.7017505168914795, 0.6728023886680603, 0.6655728816986084]"
sample_000585,Chợ Bến Thành,Bến Ninh Kiều,Bến Ninh Kiều,57.0,57.0,correct result exists in top-100 but not top-10,"[37, 502, 122, 120, 220, 569, 424, 35, 419, 74]","[0.40168532729148865, 0.32727307081222534, 0.2991352081298828, 0.2811894714832306, 0.24621333181858063, 0.24337536096572876, 0.23812806606292725, 0.23448799550533295, 0.23230066895484924, 0.22922354936599731]"
sample_001431,Cột Cờ Lũng Cú,Vườn Quốc Gia Cúc Phương,Vườn Quốc Gia Cúc Phương,2.0,2.0,correct result exists in top-10 but not top-1,"[509, 135, 304, 510, 357, 73, 398, 310, 405, 302]","[0.6740967035293579, 0.6294484734535217, 0.5737639665603638, 0.5687568187713623, 0.5442870855331421, 0.5410647392272949, 0.5237247943878174, 0.516238808631897, 0.5128968358039856, 0.505730152130127]"
sample_002447,Dinh Độc Lập,Văn Miếu - Quốc Tử Giám,Văn Miếu - Quốc Tử Giám,6.0,6.0,correct result exists in top-10 but not top-1,"[502, 353, 222, 37, 48, 153, 561, 651, 16, 323]","[0.10697095096111298, 0.08390972763299942, 0.0771997943520546, 0.07479481399059296, 0.07367148250341415, 0.07187259197235107, 0.0676625669002533, 0.06764812022447586, 0.06546425074338913, 0.06172000616788864]"
sample_002526,Dinh Độc Lập,Cột Cờ Lũng Cú,Cột Cờ Lũng Cú,4.0,4.0,correct result exists in top-10 but not top-1,"[142, 209, 501, 154, 347, 198, 149, 349, 1, 299]","[0.33525457978248596, 0.3156721889972687, 0.2651774287223816, 0.2460266351699829, 0.20384803414344788, 0.18876883387565613, 0.18716388940811157, 0.17814798653125763, 0.175065279006958, 0.17362149059772491]"
sample_002471,Dinh Độc Lập,Văn Miếu - Quốc Tử Giám,Văn Miếu - Quốc Tử Giám,2.0,2.0,correct result exists in top-10 but not top-1,"[501, 153, 149, 154, 209, 519, 272, 39, 12, 50]","[0.48322024941444397, 0.37027454376220703, 0.3274969756603241, 0.32265806198120117, 0.3205440938472748, 0.21632778644561768, 0.14400531351566315, 0.14271792769432068, 0.11995340883731842, 0.11918158829212189]"
sample_003122,Ghềnh Đá Đĩa,Đèo Hải Vân,Đèo Hải Vân,40.0,40.0,correct result exists in top-100 but not top-10,"[550, 579, 576, 581, 572, 596, 593, 582, 604, 578]","[0.5867166519165039, 0.5853453874588013, 0.5584196448326111, 0.495751291513443, 0.49301496148109436, 0.46984466910362244, 0.4470951557159424, 0.42506173253059387, 0.4247204065322876, 0.4059283137321472]"
sample_003092,Ghềnh Đá Đĩa,Đảo Lý Sơn,Đảo Lý Sơn,10.0,10.0,correct result exists in top-10 but not top-1,"[599, 581, 595, 592, 596, 593, 601, 597, 600, 169]","[0.4258752465248108, 0.41948023438453674, 0.3131120502948761, 0.288377583026886, 0.28042688965797424, 0.24246472120285034, 0.23333175480365753, 0.23221683502197266, 0.21077069640159607, 0.20938348770141602]"
sample_003700,Hoàng Thành Thăng Long,Chùa Hương,Chùa Hương,25.0,25.0,correct result exists in top-100 but not top-10,"[61, 554, 558, 60, 563, 570, 56, 317, 490, 566]","[0.690125048160553, 0.6719561219215393, 0.6716302633285522, 0.6703565120697021, 0.6345230937004089, 0.6319291591644287, 0.6277738213539124, 0.626747727394104, 0.60511714220047, 0.5963799357414246]"
sample_003664,Hoàng Thành Thăng Long,Đại Nội Huế,Đại Nội Huế,5.0,5.0,correct result exists in top-10 but not top-1,"[562, 555, 570, 561, 205, 571, 206, 558, 564, 210]","[0.6323741674423218, 0.5664977431297302, 0.5289902687072754, 0.5166011452674866, 0.5004691481590271, 0.500411868095398, 0.49576374888420105, 0.49480295181274414, 0.494087278842926, 0.4922654330730438]"
sample_003736,Hoàng Thành Thăng Long,Ngũ Hành Sơn,Ngũ Hành Sơn,13.0,13.0,correct result exists in top-100 but not top-10,"[300, 62, 66, 613, 307, 306, 503, 496, 607, 618]","[0.700070321559906, 0.6845620274543762, 0.6756621599197388, 0.6624680161476135, 0.6613283753395081, 0.6613283753395081, 0.6559669971466064, 0.6552791595458984, 0.6475162506103516, 0.5882223844528198]"
sample_003676,Hoàng Thành Thăng Long,Chùa Bái Đính,Chùa Bái Đính,,,correct result absent from top-100,"[43, 40, 670, 239, 644, 316, 226, 466, 492, 464]","[0.264049232006073, 0.23702853918075562, 0.22571855783462524, 0.2138807475566864, 0.21276867389678955, 0.20569810271263123, 0.2042829841375351, 0.1985492706298828, 0.19621053338050842, 0.1936880648136139]"
sample_003315,Hồ Ba Bể,Tam Cốc - Bích Động,Tam Cốc - Bích Động,3.0,3.0,correct result exists in top-10 but not top-1,"[411, 408, 213, 522, 406, 369, 535, 414, 423, 530]","[0.7921195030212402, 0.7781962156295776, 0.7768338322639465, 0.7741347551345825, 0.7642307281494141, 0.7632421255111694, 0.761459469795227, 0.7585824728012085, 0.7467238306999207, 0.7421525120735168]"
sample_003322,Hồ Ba Bể,Vịnh Hạ Long,Vịnh Hạ Long,6.0,6.0,correct result exists in top-10 but not top-1,"[522, 535, 530, 526, 411, 213, 529, 408, 406, 532]","[0.8194180727005005, 0.8001276254653931, 0.7944580316543579, 0.7801748514175415, 0.7746835947036743, 0.7673117518424988, 0.7655054926872253, 0.7651299834251404, 0.7489010095596313, 0.7465288639068604]"
sample_003337,Hồ Ba Bể,Ngũ Hành Sơn,Ngũ Hành Sơn,2.0,2.0,correct result exists in top-10 but not top-1,"[305, 217, 369, 412, 218, 408, 228, 426, 223, 69]","[0.49944713711738586, 0.49867478013038635, 0.4935799837112427, 0.48804402351379395, 0.48700568079948425, 0.4490338861942291, 0.4294193983078003, 0.42620348930358887, 0.42218148708343506, 0.4221154451370239]"
sample_003441,Hồ Ba Bể,Phong Nha - Kẻ Bàng,Phong Nha - Kẻ Bàng,17.0,17.0,correct result exists in top-100 but not top-10,"[355, 418, 360, 196, 184, 189, 192, 525, 187, 298]","[0.7892590761184692, 0.7242516875267029, 0.7192652225494385, 0.7137383818626404, 0.6766389012336731, 0.6738085150718689, 0.6380705833435059, 0.6301400065422058, 0.6253613233566284, 0.6237152814865112]"
sample_003957,Lăng Chủ Tịch Hồ Chí Minh,Chợ Bến Thành,Chợ Bến Thành,3.0,3.0,correct result exists in top-10 but not top-1,"[103, 329, 276, 323, 273, 167, 267, 263, 277, 265]","[0.31565722823143005, 0.2930191159248352, 0.22791481018066406, 0.20762966573238373, 0.20617075264453888, 0.19707360863685608, 0.18660996854305267, 0.18485167622566223, 0.17860384285449982, 0.17486554384231567]"
sample_004198,Mù Cang Chải,Thung Lũng Mường Hoa,Thung Lũng Mường Hoa,,,correct result absent from top-100,"[428, 641, 546, 644, 387, 338, 43, 6, 670, 427]","[0.8385449051856995, 0.2654372751712799, 0.2007029950618744, 0.15246132016181946, 0.14808493852615356, 0.13309289515018463, 0.12862126529216766, 0.1193993091583252, 0.11479160189628601, 0.10552100837230682]"
sample_004204,Mù Cang Chải,Dinh Độc Lập,Dinh Độc Lập,24.0,24.0,correct result exists in top-100 but not top-10,"[155, 154, 632, 399, 387, 397, 0, 647, 656, 259]","[0.19433419406414032, 0.1704424023628235, 0.15725663304328918, 0.15077254176139832, 0.1494499146938324, 0.1488378942012787, 0.1476517915725708, 0.14589527249336243, 0.14536693692207336, 0.1334095448255539]"
sample_004478,Ngũ Hành Sơn,Cột Cờ Lũng Cú,Cột Cờ Lũng Cú,2.0,2.0,correct result exists in top-10 but not top-1,"[142, 299, 611, 618, 85, 98, 521, 90, 93, 92]","[0.2855851352214813, 0.2329775094985962, 0.22905731201171875, 0.2146511971950531, 0.2059573233127594, 0.20361502468585968, 0.20269371569156647, 0.2017180323600769, 0.20096953213214874, 0.20096953213214874]"
sample_004494,Ngũ Hành Sơn,Văn Miếu - Quốc Tử Giám,Văn Miếu - Quốc Tử Giám,3.0,3.0,correct result exists in top-10 but not top-1,"[496, 503, 307, 306, 300, 66, 62, 607, 613, 197]","[0.834004819393158, 0.7861137390136719, 0.7795338034629822, 0.7795338034629822, 0.7786696553230286, 0.7753463387489319, 0.7576670050621033, 0.7062410712242126, 0.6813930869102478, 0.6806817650794983]"
sample_004472,Ngũ Hành Sơn,Đảo Cù Lao Chàm,Đảo Cù Lao Chàm,60.0,60.0,correct result exists in top-100 but not top-10,"[589, 604, 579, 581, 586, 590, 572, 550, 578, 576]","[0.6010790467262268, 0.3740561604499817, 0.3223361074924469, 0.285308301448822, 0.2844280004501343, 0.2705504298210144, 0.255916953086853, 0.24969717860221863, 0.2473878264427185, 0.24155572056770325]"
sample_004453,Ngũ Hành Sơn,Văn Miếu - Quốc Tử Giám,Văn Miếu - Quốc Tử Giám,2.0,2.0,correct result exists in top-10 but not top-1,"[492, 309, 499, 491, 45, 47, 50, 641, 501, 489]","[0.44665682315826416, 0.42826342582702637, 0.3462069034576416, 0.3146998882293701, 0.30916500091552734, 0.30653291940689087, 0.28952115774154663, 0.23661784827709198, 0.220636248588562, 0.20960792899131775]"
sample_004378,Ngũ Hành Sơn,Vịnh Hạ Long,Vịnh Hạ Long,10.0,10.0,correct result exists in top-10 but not top-1,"[537, 525, 418, 423, 526, 360, 529, 523, 420, 298]","[0.6062788963317871, 0.5858297348022461, 0.5819849967956543, 0.5623948574066162, 0.555587649345398, 0.5542227029800415, 0.544325590133667, 0.5411737561225891, 0.5289148092269897, 0.524226725101471]"
sample_004417,Ngũ Hành Sơn,Cột Cờ Lũng Cú,Cột Cờ Lũng Cú,6.0,6.0,correct result exists in top-10 but not top-1,"[142, 611, 618, 521, 198, 299, 209, 71, 85, 515]","[0.47062721848487854, 0.3529605269432068, 0.335855096578598, 0.27904605865478516, 0.26030758023262024, 0.25833576917648315, 0.24607858061790466, 0.24576449394226074, 0.24389135837554932, 0.2432524859905243]"
sample_004436,Ngũ Hành Sơn,Quần Thể Tràng An,Quần Thể Tràng An,33.0,33.0,correct result exists in top-100 but not top-10,"[402, 401, 407, 65, 412, 405, 58, 413, 213, 426]","[0.8364044427871704, 0.7273726463317871, 0.6827625632286072, 0.6676410436630249, 0.6656418442726135, 0.6606508493423462, 0.65072101354599, 0.6504941582679749, 0.6499452590942383, 0.6476877331733704]"
sample_004581,Nhà Thờ Đức Bà,Chợ Bến Thành,Chợ Bến Thành,2.0,2.0,correct result exists in top-10 but not top-1,"[118, 323, 329, 110, 117, 332, 330, 335, 113, 40]","[0.5632079839706421, 0.5272119641304016, 0.5129788517951965, 0.43612098693847656, 0.4288792014122009, 0.4089197516441345, 0.39898282289505005, 0.39633119106292725, 0.3814972937107086, 0.3696082830429077]"
sample_004687,Nhà Thờ Đức Bà,Bà Nà Hills - Cầu Vàng,Bà Nà Hills - Cầu Vàng,3.0,3.0,correct result exists in top-10 but not top-1,"[9, 5, 323, 324, 2, 329, 10, 304, 315, 38]","[0.11468920111656189, 0.1000162661075592, 0.08830790221691132, 0.08485914021730423, 0.08103327453136444, 0.07918800413608551, 0.07863916456699371, 0.07387011498212814, 0.07158485054969788, 0.07039978355169296]"
sample_004666,Nhà Thờ Đức Bà,Bưu Điện Sài Gòn,Bưu Điện Sài Gòn,3.0,3.0,correct result exists in top-10 but not top-1,"[16, 313, 329, 118, 334, 601, 38, 548, 545, 675]","[0.08551343530416489, 0.08322476595640182, 0.07893682271242142, 0.07670342177152634, 0.07378624379634857, 0.07250083237886429, 0.07146836817264557, 0.07075263559818268, 0.0697348415851593, 0.0695805549621582]"
sample_004785,Núi Bà Đen,Phố Cổ Hội An,Phố Cổ Hội An,2.0,2.0,correct result exists in top-10 but not top-1,"[373, 342, 349, 352, 36, 366, 340, 573, 497, 353]","[0.5011971592903137, 0.4711602032184601, 0.29541903734207153, 0.2833564579486847, 0.26847583055496216, 0.25985369086265564, 0.2581632137298584, 0.2550187110900879, 0.2519051432609558, 0.24227482080459595]"
sample_004846,Núi Bà Đen,Chợ Bến Thành,Chợ Bến Thành,2.0,2.0,correct result exists in top-10 but not top-1,"[101, 342, 382, 383, 349, 380, 580, 346, 373, 499]","[0.3814812898635864, 0.3332251310348511, 0.32449328899383545, 0.3188371956348419, 0.27638480067253113, 0.27362513542175293, 0.24709263443946838, 0.24417340755462646, 0.24412108957767487, 0.23450417816638947]"
sample_004752,Núi Bà Đen,Đảo Cù Lao Chàm,Đảo Cù Lao Chàm,2.0,2.0,correct result exists in top-10 but not top-1,"[575, 341, 582, 581, 584, 344, 354, 228, 572, 523]","[0.5017803311347961, 0.4651002883911133, 0.37724488973617554, 0.3508986830711365, 0.302057683467865, 0.2896101176738739, 0.2880972623825073, 0.2616305947303772, 0.2539142966270447, 0.25300726294517517]"
sample_004731,Núi Bà Đen,Chùa Hương,Chùa Hương,5.0,5.0,correct result exists in top-10 but not top-1,"[73, 509, 310, 432, 345, 354, 302, 510, 304, 136]","[0.33053386211395264, 0.2756979763507843, 0.27486976981163025, 0.2686533033847809, 0.2630217671394348, 0.25624263286590576, 0.24656909704208374, 0.23456823825836182, 0.229042649269104, 0.22145184874534607]"
sample_004734,Núi Bà Đen,Đảo Cù Lao Chàm,Đảo Cù Lao Chàm,16.0,16.0,correct result exists in top-100 but not top-10,"[582, 218, 583, 581, 574, 572, 67, 361, 590, 222]","[0.3611184060573578, 0.2787249684333801, 0.27667126059532166, 0.2583652138710022, 0.23551225662231445, 0.22883769869804382, 0.22444060444831848, 0.2197575867176056, 0.21570953726768494, 0.21518707275390625]"
sample_004699,Núi Bà Đen,Địa Đạo Củ Chi,Địa Đạo Củ Chi,15.0,15.0,correct result exists in top-100 but not top-10,"[641, 492, 309, 644, 477, 656, 8, 11, 236, 380]","[0.24275070428848267, 0.24126428365707397, 0.22496433556079865, 0.17924976348876953, 0.1456087827682495, 0.14390015602111816, 0.10979974269866943, 0.10865412652492523, 0.10782673954963684, 0.10737457126379013]"
sample_005126,Phong Nha - Kẻ Bàng,Hang Sơn Đoòng,Hang Sơn Đoòng,2.0,2.0,correct result exists in top-10 but not top-1,"[190, 370, 195, 363, 191, 533, 356, 362, 180, 367]","[0.8544038534164429, 0.8158517479896545, 0.802300214767456, 0.7932444214820862, 0.7897890210151672, 0.787285566329956, 0.7617802023887634, 0.7614412903785706, 0.7593168020248413, 0.7544901371002197]"
sample_005018,Phong Nha - Kẻ Bàng,Thác Bản Giốc,Thác Bản Giốc,69.0,69.0,correct result exists in top-100 but not top-10,"[448, 442, 444, 212, 624, 453, 325, 438, 449, 147]","[0.08674971759319305, 0.08214015513658524, 0.08134867250919342, 0.07967716455459595, 0.07903766632080078, 0.07850323617458344, 0.0784405842423439, 0.07633630931377411, 0.07580237835645676, 0.074336476624012]"
sample_005002,Phong Nha - Kẻ Bàng,Vịnh Hạ Long,Vịnh Hạ Long,2.0,2.0,correct result exists in top-10 but not top-1,"[533, 367, 356, 191, 368, 186, 185, 190, 359, 370]","[0.9071893095970154, 0.8821606636047363, 0.8804897665977478, 0.86989426612854, 0.868817150592804, 0.8656326532363892, 0.8608005046844482, 0.8606476783752441, 0.8605795502662659, 0.8590520024299622]"
sample_005079,Phong Nha - Kẻ Bàng,Tam Cốc - Bích Động,Tam Cốc - Bích Động,15.0,15.0,correct result exists in top-100 but not top-10,"[423, 420, 416, 526, 537, 535, 412, 510, 421, 525]","[0.652393102645874, 0.6139178276062012, 0.5903325080871582, 0.5754082202911377, 0.5629397034645081, 0.562878429889679, 0.5585684776306152, 0.5566755533218384, 0.5530261993408203, 0.5491295456886292]"
sample_005093,Phong Nha - Kẻ Bàng,Hang Sơn Đoòng,Hang Sơn Đoòng,2.0,2.0,correct result exists in top-10 but not top-1,"[194, 356, 359, 186, 368, 185, 362, 367, 533, 517]","[0.9529677033424377, 0.9529531002044678, 0.9498332738876343, 0.9466508626937866, 0.9439266920089722, 0.9370794296264648, 0.931659460067749, 0.9250097274780273, 0.9219537973403931, 0.9095039963722229]"
sample_005012,Phong Nha - Kẻ Bàng,Chùa Hương,Chùa Hương,3.0,3.0,correct result exists in top-10 but not top-1,"[69, 522, 369, 531, 413, 526, 535, 412, 530, 58]","[0.7868936061859131, 0.786868155002594, 0.7856427431106567, 0.7851570248603821, 0.7782663702964783, 0.7614517211914062, 0.7535302639007568, 0.7526583075523376, 0.7520688772201538, 0.7454113364219666]"
sample_005033,Phong Nha - Kẻ Bàng,Chùa Hương,Chùa Hương,2.0,2.0,correct result exists in top-10 but not top-1,"[69, 369, 413, 531, 417, 65, 418, 539, 522, 526]","[0.835508406162262, 0.8157305717468262, 0.8060902953147888, 0.7874513864517212, 0.7798601388931274, 0.7392587065696716, 0.7369492053985596, 0.7168588638305664, 0.713462769985199, 0.7105404138565063]"
sample_004938,Phố Cổ Hội An,Dinh Độc Lập,Dinh Độc Lập,53.0,53.0,correct result exists in top-100 but not top-10,"[160, 148, 158, 504, 502, 151, 233, 349, 447, 494]","[0.4663117825984955, 0.33558332920074463, 0.30343276262283325, 0.27327680587768555, 0.26704877614974976, 0.2608810067176819, 0.2512662410736084, 0.23118385672569275, 0.22788019478321075, 0.22484038770198822]"
sample_004871,Phố Cổ Hội An,Chùa Hương,Chùa Hương,40.0,40.0,correct result exists in top-100 but not top-10,"[72, 489, 64, 59, 209, 349, 504, 198, 559, 494]","[0.4651241600513458, 0.4493829607963562, 0.4213744103908539, 0.41964513063430786, 0.4102103114128113, 0.40724870562553406, 0.4065176546573639, 0.3954440951347351, 0.3922574818134308, 0.38526076078414917]"
sample_005331,Quảng Trường Lâm Viên,Landmark 81,Landmark 81,2.0,2.0,correct result exists in top-10 but not top-1,"[247, 387, 386, 632, 384, 391, 1, 392, 397, 394]","[0.5690813064575195, 0.27051475644111633, 0.2551487386226654, 0.2275431752204895, 0.19834206998348236, 0.19586515426635742, 0.19541260600090027, 0.1936858594417572, 0.19360238313674927, 0.19227728247642517]"
sample_005302,Quảng Trường Lâm Viên,Landmark 81,Landmark 81,2.0,2.0,correct result exists in top-10 but not top-1,"[247, 387, 386, 397, 632, 384, 392, 394, 391, 347]","[0.558306872844696, 0.37018904089927673, 0.2887519598007202, 0.2812364995479584, 0.26173338294029236, 0.26047611236572266, 0.2581214904785156, 0.2466258406639099, 0.21849119663238525, 0.21675071120262146]"
sample_005239,Quần Thể Tràng An,Vườn Quốc Gia Cúc Phương,Vườn Quốc Gia Cúc Phương,5.0,5.0,correct result exists in top-10 but not top-1,"[510, 73, 426, 416, 403, 405, 398, 423, 421, 411]","[0.7960734367370605, 0.7951057553291321, 0.7670098543167114, 0.765233039855957, 0.7605491876602173, 0.7419636249542236, 0.7409981489181519, 0.7260366678237915, 0.7188770174980164, 0.7169106006622314]"
sample_005150,Quần Thể Tràng An,Tam Cốc - Bích Động,Tam Cốc - Bích Động,2.0,2.0,correct result exists in top-10 but not top-1,"[416, 398, 73, 411, 423, 405, 522, 421, 415, 408]","[0.7250029444694519, 0.724896252155304, 0.7128576040267944, 0.7116807699203491, 0.7088146805763245, 0.6950265169143677, 0.6931501626968384, 0.686537504196167, 0.6828159093856812, 0.6812830567359924]"
sample_005238,Quần Thể Tràng An,Chùa Bái Đính,Chùa Bái Đính,2.0,2.0,correct result exists in top-10 but not top-1,"[58, 406, 407, 408, 402, 405, 522, 526, 426, 537]","[0.8945649266242981, 0.8619459867477417, 0.7935631275177002, 0.7812700867652893, 0.741487979888916, 0.7406826615333557, 0.7395157217979431, 0.7226676940917969, 0.7218639254570007, 0.7182523608207703]"
sample_005209,Quần Thể Tràng An,Chùa Bái Đính,Chùa Bái Đính,3.0,3.0,correct result exists in top-10 but not top-1,"[46, 49, 404, 54, 405, 311, 305, 407, 315, 401]","[0.8887709379196167, 0.7876747846603394, 0.7275533676147461, 0.7231251001358032, 0.6862490773200989, 0.630399227142334, 0.630020260810852, 0.6075252294540405, 0.5971498489379883, 0.5575404167175293]"
sample_005155,Quần Thể Tràng An,Chùa Bái Đính,Chùa Bái Đính,14.0,14.0,correct result exists in top-100 but not top-10,"[52, 54, 57, 55, 317, 63, 44, 3, 554, 638]","[0.7517915964126587, 0.6864804029464722, 0.6760106086730957, 0.6151015162467957, 0.5796167850494385, 0.5716310143470764, 0.5658500790596008, 0.5586647391319275, 0.5382562875747681, 0.5288783311843872]"
sample_005175,Quần Thể Tràng An,Vịnh Hạ Long,Vịnh Hạ Long,5.0,5.0,correct result exists in top-10 but not top-1,"[535, 423, 416, 522, 398, 411, 526, 530, 405, 403]","[0.8341060280799866, 0.816808819770813, 0.8154044151306152, 0.8070149421691895, 0.8011943697929382, 0.7985875606536865, 0.7908186316490173, 0.7811397314071655, 0.7732647657394409, 0.7692592144012451]"
sample_005216,Quần Thể Tràng An,Địa Đạo Củ Chi,Địa Đạo Củ Chi,70.0,70.0,correct result exists in top-100 but not top-10,"[644, 641, 492, 428, 309, 626, 67, 6, 635, 587]","[0.8390876650810242, 0.5071666836738586, 0.41074442863464355, 0.17246098816394806, 0.1715637743473053, 0.12383609265089035, 0.10713504254817963, 0.10658533871173859, 0.10610280930995941, 0.10464885830879211]"
sample_005253,Quần Thể Tràng An,Chùa Bái Đính,Chùa Bái Đính,2.0,2.0,correct result exists in top-10 but not top-1,"[58, 406, 407, 409, 413, 531, 537, 416, 408, 526]","[0.8083907961845398, 0.8019233345985413, 0.7805195450782776, 0.7636125087738037, 0.7502844929695129, 0.7498457431793213, 0.744755744934082, 0.7383772730827332, 0.7375843524932861, 0.7369347214698792]"
sample_005550,Tam Cốc - Bích Động,Phố Cổ Hội An,Phố Cổ Hội An,8.0,8.0,correct result exists in top-10 but not top-1,"[372, 381, 378, 375, 401, 305, 376, 419, 402, 35]","[0.5869567394256592, 0.5865586996078491, 0.583511471748352, 0.5664226412773132, 0.5545899868011475, 0.5123213529586792, 0.5096391439437866, 0.5021216869354248, 0.4854359030723572, 0.4809040427207947]"
sample_005405,Tam Cốc - Bích Động,Chùa Hương,Chùa Hương,75.0,75.0,correct result exists in top-100 but not top-10,"[66, 62, 503, 496, 307, 306, 618, 300, 610, 613]","[0.7276245355606079, 0.6993288993835449, 0.6921222805976868, 0.6375408172607422, 0.61858731508255, 0.61858731508255, 0.6153990030288696, 0.6095698475837708, 0.5777953267097473, 0.5711504220962524]"
sample_005483,Tam Cốc - Bích Động,Vịnh Hạ Long,Vịnh Hạ Long,7.0,7.0,correct result exists in top-10 but not top-1,"[537, 525, 58, 526, 535, 406, 423, 529, 522, 523]","[0.7821036577224731, 0.7680566310882568, 0.759711742401123, 0.7539224028587341, 0.7518161535263062, 0.750532865524292, 0.7353825569152832, 0.7335803508758545, 0.7293943166732788, 0.7281825542449951]"
sample_005545,Tam Cốc - Bích Động,Chùa Hương,Chùa Hương,2.0,2.0,correct result exists in top-10 but not top-1,"[69, 413, 531, 412, 65, 58, 535, 522, 526, 407]","[0.7912529706954956, 0.7882575988769531, 0.7871736288070679, 0.7570062875747681, 0.7520217299461365, 0.7457680106163025, 0.7445476055145264, 0.744268000125885, 0.739747166633606, 0.7381686568260193]"
sample_005488,Tam Cốc - Bích Động,Vịnh Hạ Long,Vịnh Hạ Long,2.0,2.0,correct result exists in top-10 but not top-1,"[531, 413, 426, 411, 69, 421, 416, 423, 522, 406]","[0.8950918912887573, 0.883729100227356, 0.8732447028160095, 0.8644435405731201, 0.8592407703399658, 0.8559985160827637, 0.8535958528518677, 0.8531782627105713, 0.8504775762557983, 0.825854480266571]"
sample_005482,Tam Cốc - Bích Động,Văn Miếu - Quốc Tử Giám,Văn Miếu - Quốc Tử Giám,75.0,75.0,correct result exists in top-100 but not top-10,"[498, 611, 313, 519, 521, 75, 228, 308, 337, 316]","[0.6728736162185669, 0.36423343420028687, 0.3025910556316376, 0.27817288041114807, 0.24772953987121582, 0.2399398237466812, 0.23368284106254578, 0.2318040132522583, 0.22479583323001862, 0.20850534737110138]"
sample_006006,Thung Lũng Mường Hoa,Mù Cang Chải,Mù Cang Chải,4.0,4.0,correct result exists in top-10 but not top-1,"[281, 287, 289, 434, 283, 295, 280, 297, 285, 286]","[0.8721480369567871, 0.8534114360809326, 0.8449662923812866, 0.8427387475967407, 0.833821713924408, 0.8250343799591064, 0.8202676773071289, 0.8165117502212524, 0.8090859651565552, 0.7977237105369568]"
sample_005978,Thung Lũng Mường Hoa,Mù Cang Chải,Mù Cang Chải,6.0,6.0,correct result exists in top-10 but not top-1,"[283, 281, 287, 284, 280, 434, 297, 293, 285, 289]","[0.9021415710449219, 0.8963056206703186, 0.8919836282730103, 0.8884881138801575, 0.8758950233459473, 0.87247633934021, 0.8720007538795471, 0.8716877698898315, 0.862384021282196, 0.862149178981781]"
sample_005962,Thung Lũng Mường Hoa,Mù Cang Chải,Mù Cang Chải,5.0,5.0,correct result exists in top-10 but not top-1,"[281, 287, 289, 295, 434, 282, 283, 290, 280, 285]","[0.8922888040542603, 0.8907904028892517, 0.8759095072746277, 0.8610222935676575, 0.8540153503417969, 0.8360873460769653, 0.8286001086235046, 0.8260829448699951, 0.8217464089393616, 0.8213681578636169]"
sample_006005,Thung Lũng Mường Hoa,Núi Bà Đen,Núi Bà Đen,4.0,4.0,correct result exists in top-10 but not top-1,"[341, 344, 278, 431, 434, 297, 295, 283, 432, 280]","[0.44048553705215454, 0.43916356563568115, 0.34449297189712524, 0.32566720247268677, 0.3224887251853943, 0.31996601819992065, 0.3131483197212219, 0.3116142749786377, 0.3112598657608032, 0.3101009428501129]"
sample_005742,Thác Bản Giốc,Hồ Ba Bể,Hồ Ba Bể,2.0,2.0,correct result exists in top-10 but not top-1,"[212, 448, 449, 442, 438, 440, 436, 443, 450, 447]","[0.8525450825691223, 0.8278732299804688, 0.8214689493179321, 0.7973009347915649, 0.7876870632171631, 0.7828823328018188, 0.7485187649726868, 0.7369800209999084, 0.7220233678817749, 0.7114033699035645]"
sample_005602,Thác Bản Giốc,Hồ Ba Bể,Hồ Ba Bể,24.0,24.0,correct result exists in top-100 but not top-10,"[229, 230, 224, 422, 67, 218, 400, 220, 348, 214]","[0.33537495136260986, 0.31995996832847595, 0.31899493932724, 0.2843373119831085, 0.283440500497818, 0.2702386975288391, 0.2692049443721771, 0.26407891511917114, 0.24550336599349976, 0.2451871931552887]"
sample_005896,Thánh Địa Mỹ Sơn,Ngũ Hành Sơn,Ngũ Hành Sơn,13.0,13.0,correct result exists in top-100 but not top-10,"[313, 316, 308, 298, 343, 630, 498, 75, 53, 193]","[0.46147048473358154, 0.4114609360694885, 0.3895837068557739, 0.3752230405807495, 0.37321609258651733, 0.35928234457969666, 0.33859434723854065, 0.3214256763458252, 0.30232685804367065, 0.2981736361980438]"
sample_005806,Thánh Địa Mỹ Sơn,Chùa Bái Đính,Chùa Bái Đính,8.0,8.0,correct result exists in top-10 but not top-1,"[53, 630, 343, 88, 339, 50, 627, 460, 465, 316]","[0.4231805205345154, 0.39174994826316833, 0.3815225064754486, 0.27817532420158386, 0.27638787031173706, 0.2635868191719055, 0.26250675320625305, 0.2549648880958557, 0.2530929148197174, 0.251579612493515]"
sample_006066,Tượng Chúa Kitô,Đảo Lý Sơn,Đảo Lý Sơn,2.0,2.0,correct result exists in top-10 but not top-1,"[596, 474, 630, 484, 603, 627, 475, 592, 480, 339]","[0.3443259000778198, 0.2999758720397949, 0.2847239673137665, 0.28408360481262207, 0.2829235792160034, 0.2722424864768982, 0.27168378233909607, 0.2708633542060852, 0.26792988181114197, 0.2665794789791107]"
sample_006019,Tượng Chúa Kitô,Đảo Lý Sơn,Đảo Lý Sơn,6.0,6.0,correct result exists in top-10 but not top-1,"[603, 596, 630, 3, 339, 484, 480, 595, 474, 581]","[0.3219091594219208, 0.3202434480190277, 0.2984110116958618, 0.2744887173175812, 0.268476665019989, 0.2679857015609741, 0.26667705178260803, 0.2636384665966034, 0.2628054618835449, 0.26014673709869385]"
sample_006165,Tượng Chúa Kitô,Đỉnh Phanxipăng,Đỉnh Phanxipăng,3.0,3.0,correct result exists in top-10 but not top-1,"[630, 596, 480, 627, 339, 603, 3, 592, 53, 484]","[0.36315420269966125, 0.3628566265106201, 0.3252190053462982, 0.30637991428375244, 0.3033849895000458, 0.29714637994766235, 0.2923886477947235, 0.2723900079727173, 0.2657546103000641, 0.258092999458313]"
sample_006161,Tượng Chúa Kitô,Bà Nà Hills - Cầu Vàng,Bà Nà Hills - Cầu Vàng,17.0,17.0,correct result exists in top-100 but not top-10,"[3, 552, 540, 632, 4, 11, 10, 429, 636, 433]","[0.22148388624191284, 0.21452084183692932, 0.20984964072704315, 0.18904495239257812, 0.1883167326450348, 0.1747569739818573, 0.1694166660308838, 0.16591240465641022, 0.16567681729793549, 0.1643821895122528]"
sample_006101,Tượng Chúa Kitô,Địa Đạo Củ Chi,Địa Đạo Củ Chi,53.0,53.0,correct result exists in top-100 but not top-10,"[655, 634, 645, 259, 643, 7, 647, 230, 666, 649]","[0.12308039516210556, 0.11164258420467377, 0.11152057349681854, 0.10633590072393417, 0.09253982454538345, 0.09056149423122406, 0.08842682838439941, 0.08672510087490082, 0.08552976697683334, 0.07449480891227722]"
sample_006122,Tượng Chúa Kitô,Đảo Cù Lao Chàm,Đảo Cù Lao Chàm,,,correct result absent from top-100,"[585, 372, 573, 657, 63, 349, 610, 100, 346, 33]","[0.35176023840904236, 0.34236449003219604, 0.32292211055755615, 0.3146999180316925, 0.28710228204727173, 0.28479403257369995, 0.28194478154182434, 0.276924729347229, 0.27561283111572266, 0.27431821823120117]"
sample_006151,Tượng Chúa Kitô,Địa Đạo Củ Chi,Địa Đạo Củ Chi,4.0,4.0,correct result exists in top-10 but not top-1,"[651, 590, 159, 480, 44, 259, 129, 3, 504, 146]","[0.20046338438987732, 0.1906435191631317, 0.16466665267944336, 0.15744635462760925, 0.14574439823627472, 0.14293615520000458, 0.13935838639736176, 0.13730789721012115, 0.13552910089492798, 0.13121716678142548]"
sample_006215,Văn Miếu - Quốc Tử Giám,Ngũ Hành Sơn,Ngũ Hành Sơn,2.0,2.0,correct result exists in top-10 but not top-1,"[309, 492, 501, 489, 96, 77, 614, 494, 500, 3]","[0.4869316816329956, 0.3907759189605713, 0.323893666267395, 0.2590664327144623, 0.2582411766052246, 0.2578843832015991, 0.25685828924179077, 0.2509351968765259, 0.24220214784145355, 0.23714545369148254]"
sample_006232,Văn Miếu - Quốc Tử Giám,Chùa Hương,Chùa Hương,2.0,2.0,correct result exists in top-10 but not top-1,"[71, 491, 501, 349, 610, 504, 614, 88, 63, 346]","[0.2977680563926697, 0.2974037528038025, 0.25013306736946106, 0.23771420121192932, 0.23400749266147614, 0.23254765570163727, 0.21425172686576843, 0.21002696454524994, 0.20953834056854248, 0.20602387189865112]"
sample_006263,Văn Miếu - Quốc Tử Giám,Chùa Hương,Chùa Hương,3.0,3.0,correct result exists in top-10 but not top-1,"[74, 64, 489, 505, 493, 72, 506, 59, 619, 45]","[0.5888313055038452, 0.5621576309204102, 0.5564627647399902, 0.4664795994758606, 0.4639604091644287, 0.3990418612957001, 0.3931669294834137, 0.35718512535095215, 0.34941065311431885, 0.34335756301879883]"
sample_006248,Văn Miếu - Quốc Tử Giám,Đại Nội Huế,Đại Nội Huế,8.0,8.0,correct result exists in top-10 but not top-1,"[554, 610, 63, 558, 559, 570, 60, 494, 61, 72]","[0.631332516670227, 0.6110253930091858, 0.5985551476478577, 0.5823369026184082, 0.5812210440635681, 0.5679713487625122, 0.5673729181289673, 0.5625595450401306, 0.5598779916763306, 0.5531941652297974]"
sample_006535,Vườn Quốc Gia Cúc Phương,Hồ Gươm,Hồ Gươm,5.0,5.0,correct result exists in top-10 but not top-1,"[232, 233, 245, 217, 516, 305, 240, 243, 229, 230]","[0.5406054258346558, 0.4716973602771759, 0.44703733921051025, 0.42587926983833313, 0.3989304304122925, 0.3828638195991516, 0.3661015033721924, 0.3633512556552887, 0.3428935706615448, 0.34072959423065186]"
sample_006534,Vườn Quốc Gia Cúc Phương,Quảng Trường Lâm Viên,Quảng Trường Lâm Viên,9.0,9.0,correct result exists in top-10 but not top-1,"[385, 388, 394, 392, 391, 390, 350, 386, 521, 147]","[0.1219148188829422, 0.11679129302501678, 0.1128542497754097, 0.10566791892051697, 0.10324320197105408, 0.09809110313653946, 0.08140576630830765, 0.07904604077339172, 0.07824110239744186, 0.07472106069326401]"
sample_006585,Vườn Quốc Gia Cúc Phương,Địa Đạo Củ Chi,Địa Đạo Củ Chi,2.0,2.0,correct result exists in top-10 but not top-1,"[645, 519, 654, 512, 521, 653, 643, 649, 341, 513]","[0.389668345451355, 0.37469229102134705, 0.29699933528900146, 0.28800010681152344, 0.27360886335372925, 0.24073153734207153, 0.239606112241745, 0.23622916638851166, 0.23470734059810638, 0.2321861982345581]"
sample_006652,Vườn Quốc Gia Cúc Phương,Hồ Ba Bể,Hồ Ba Bể,2.0,2.0,correct result exists in top-10 but not top-1,"[230, 509, 400, 572, 228, 540, 543, 315, 229, 398]","[0.5400874614715576, 0.3834036886692047, 0.27812260389328003, 0.2775764465332031, 0.27220073342323303, 0.27006107568740845, 0.264985054731369, 0.2572515606880188, 0.25718337297439575, 0.24415019154548645]"
sample_006590,Vườn Quốc Gia Cúc Phương,Địa Đạo Củ Chi,Địa Đạo Củ Chi,4.0,4.0,correct result exists in top-10 but not top-1,"[648, 642, 136, 509, 358, 657, 412, 404, 127, 580]","[0.5051124095916748, 0.471341609954834, 0.4686381220817566, 0.40216898918151855, 0.4013940691947937, 0.4007727801799774, 0.38543570041656494, 0.3836599886417389, 0.3801177442073822, 0.37793105840682983]"
sample_006664,Vườn Quốc Gia Cúc Phương,Tam Cốc - Bích Động,Tam Cốc - Bích Động,38.0,38.0,correct result exists in top-100 but not top-10,"[410, 411, 426, 421, 69, 413, 423, 531, 73, 416]","[0.800378680229187, 0.777289092540741, 0.7764940857887268, 0.770517110824585, 0.7610275745391846, 0.7500628232955933, 0.7422595024108887, 0.7418193817138672, 0.7410285472869873, 0.7320071458816528]"
sample_006576,Vườn Quốc Gia Cúc Phương,Ngũ Hành Sơn,Ngũ Hành Sơn,12.0,12.0,correct result exists in top-100 but not top-10,"[305, 232, 245, 217, 233, 404, 369, 240, 218, 412]","[0.58502197265625, 0.5394769906997681, 0.5393151044845581, 0.5165899395942688, 0.5008153915405273, 0.4843806326389313, 0.46474218368530273, 0.4519137740135193, 0.45029449462890625, 0.44972872734069824]"
sample_006489,Vịnh Hạ Long,Địa Đạo Củ Chi,Địa Đạo Củ Chi,90.0,90.0,correct result exists in top-100 but not top-10,"[644, 641, 492, 428, 309, 6, 626, 67, 645, 512]","[0.8162760138511658, 0.5943232178688049, 0.38947203755378723, 0.2638242244720459, 0.13976454734802246, 0.13420167565345764, 0.12154614925384521, 0.12123942375183105, 0.1164400726556778, 0.11213149130344391]"
sample_002149,Đèo Hải Vân,Đảo Cù Lao Chàm,Đảo Cù Lao Chàm,3.0,3.0,correct result exists in top-10 but not top-1,"[579, 576, 550, 578, 217, 594, 227, 581, 596, 604]","[0.6277791857719421, 0.5864827036857605, 0.5811793804168701, 0.49047958850860596, 0.3882465362548828, 0.32799676060676575, 0.31829312443733215, 0.3145101070404053, 0.30936184525489807, 0.29459643363952637]"
sample_002232,Đèo Hải Vân,Hoàng Thành Thăng Long,Hoàng Thành Thăng Long,10.0,10.0,correct result exists in top-10 but not top-1,"[197, 204, 210, 202, 199, 208, 206, 300, 211, 549]","[0.5876979231834412, 0.5757320523262024, 0.5518779754638672, 0.5381895303726196, 0.5215650796890259, 0.518944263458252, 0.5172527432441711, 0.49991005659103394, 0.4947313666343689, 0.49313971400260925]"
sample_001517,Đại Nội Huế,Hoàng Thành Thăng Long,Hoàng Thành Thăng Long,2.0,2.0,correct result exists in top-10 but not top-1,"[198, 559, 554, 16, 209, 307, 306, 610, 496, 560]","[0.3562941551208496, 0.32761141657829285, 0.30964016914367676, 0.29642826318740845, 0.2930835485458374, 0.28694626688957214, 0.28694626688957214, 0.28509122133255005, 0.2834477722644806, 0.27937474846839905]"
sample_001589,Đại Nội Huế,Chùa Hương,Chùa Hương,8.0,8.0,correct result exists in top-10 but not top-1,"[74, 505, 491, 504, 72, 489, 501, 570, 64, 494]","[0.3917578458786011, 0.3891354203224182, 0.38732224702835083, 0.38121408224105835, 0.3764853775501251, 0.3698887526988983, 0.35966700315475464, 0.3594789505004883, 0.3543239235877991, 0.3485372066497803]"
sample_001629,Đại Nội Huế,Chùa Bái Đính,Chùa Bái Đính,3.0,3.0,correct result exists in top-10 but not top-1,"[53, 50, 559, 489, 88, 343, 64, 72, 554, 501]","[0.4070650041103363, 0.3898220658302307, 0.3718339502811432, 0.36567413806915283, 0.34121468663215637, 0.3309798836708069, 0.3297498822212219, 0.32909059524536133, 0.29338738322257996, 0.2907275855541229]"
sample_001488,Đại Nội Huế,Văn Miếu - Quốc Tử Giám,Văn Miếu - Quốc Tử Giám,4.0,4.0,correct result exists in top-10 but not top-1,"[494, 504, 610, 558, 82, 98, 77, 371, 83, 81]","[0.6808067560195923, 0.588845431804657, 0.5675864815711975, 0.5661308169364929, 0.5549339652061462, 0.5522029399871826, 0.5417674779891968, 0.5417370796203613, 0.5406894087791443, 0.5366566181182861]"
sample_001592,Đại Nội Huế,Bến Ninh Kiều,Bến Ninh Kiều,22.0,22.0,correct result exists in top-100 but not top-10,"[37, 502, 587, 346, 573, 515, 209, 612, 41, 39]","[0.504135012626648, 0.36672312021255493, 0.35976850986480713, 0.35026443004608154, 0.3485417068004608, 0.3174118101596832, 0.3145371675491333, 0.30187326669692993, 0.29380881786346436, 0.28987565636634827]"
sample_001779,Đảo Cù Lao Chàm,Đảo Lý Sơn,Đảo Lý Sơn,2.0,2.0,correct result exists in top-10 but not top-1,"[604, 582, 586, 579, 589, 581, 576, 578, 550, 597]","[0.5247877240180969, 0.4657246470451355, 0.4553719162940979, 0.44164586067199707, 0.440684050321579, 0.41838178038597107, 0.33830201625823975, 0.32474902272224426, 0.32441794872283936, 0.3143194615840912]"
sample_001846,Đảo Lý Sơn,Đèo Hải Vân,Đèo Hải Vân,4.0,4.0,correct result exists in top-10 but not top-1,"[552, 584, 547, 596, 595, 553, 129, 551, 581, 586]","[0.3722662329673767, 0.29799920320510864, 0.27206891775131226, 0.24566738307476044, 0.23597930371761322, 0.22604945302009583, 0.2241041362285614, 0.22250202298164368, 0.2217601090669632, 0.2108803689479828]"
sample_001815,Đảo Lý Sơn,Đảo Cù Lao Chàm,Đảo Cù Lao Chàm,18.0,18.0,correct result exists in top-100 but not top-10,"[583, 584, 123, 229, 121, 122, 586, 41, 366, 127]","[0.4531518518924713, 0.42324045300483704, 0.4232197403907776, 0.3820083737373352, 0.3659364581108093, 0.3634480834007263, 0.34729909896850586, 0.3313559889793396, 0.3287833034992218, 0.3229120075702667]"
sample_001941,Đảo Lý Sơn,Đỉnh Phanxipăng,Đỉnh Phanxipăng,4.0,4.0,correct result exists in top-10 but not top-1,"[622, 634, 621, 590, 640, 639, 623, 637, 129, 596]","[0.40859928727149963, 0.40041011571884155, 0.36485278606414795, 0.36444923281669617, 0.3265838921070099, 0.2776504158973694, 0.2611333131790161, 0.25277814269065857, 0.200883150100708, 0.11926314979791641]"
sample_001834,Đảo Lý Sơn,Ngũ Hành Sơn,Ngũ Hành Sơn,9.0,9.0,correct result exists in top-10 but not top-1,"[301, 630, 480, 3, 627, 339, 311, 553, 591, 304]","[0.4188431203365326, 0.41350001096725464, 0.4076029360294342, 0.39862629771232605, 0.39678555727005005, 0.38593554496765137, 0.38324013352394104, 0.3683975040912628, 0.3620321452617645, 0.3411151170730591]"
sample_001855,Đảo Lý Sơn,Đảo Cù Lao Chàm,Đảo Cù Lao Chàm,2.0,2.0,correct result exists in top-10 but not top-1,"[572, 595, 604, 597, 579, 581, 586, 361, 183, 600]","[0.5080976486206055, 0.45507413148880005, 0.4102645516395569, 0.3588426113128662, 0.33390724658966064, 0.31709691882133484, 0.31095975637435913, 0.29216235876083374, 0.2909935712814331, 0.2814391553401947]"
sample_001903,Đảo Lý Sơn,Hồ Ba Bể,Hồ Ba Bể,8.0,8.0,correct result exists in top-10 but not top-1,"[223, 547, 486, 553, 672, 544, 135, 596, 551, 541]","[0.300343781709671, 0.2269715666770935, 0.21359175443649292, 0.21151112020015717, 0.20695436000823975, 0.20643053948879242, 0.20128662884235382, 0.19965651631355286, 0.19394069910049438, 0.1885315179824829]"
sample_001865,Đảo Lý Sơn,Đảo Cù Lao Chàm,Đảo Cù Lao Chàm,11.0,11.0,correct result exists in top-100 but not top-10,"[583, 534, 249, 584, 586, 41, 229, 589, 366, 34]","[0.6443089842796326, 0.38190799951553345, 0.32711467146873474, 0.3022000193595886, 0.2977718710899353, 0.29430437088012695, 0.27841588854789734, 0.2614073157310486, 0.25563284754753113, 0.2386312335729599]"
sample_002109,Đền Hùng,Chùa Hương,Chùa Hương,8.0,8.0,correct result exists in top-10 but not top-1,"[61, 60, 554, 63, 559, 72, 558, 616, 610, 570]","[0.7195354104042053, 0.686505913734436, 0.6359764337539673, 0.6348825097084045, 0.6214805841445923, 0.6185347437858582, 0.6140660643577576, 0.610201358795166, 0.5943092703819275, 0.5885821580886841]"
sample_001982,Đền Hùng,Chùa Hương,Chùa Hương,14.0,14.0,correct result exists in top-100 but not top-10,"[72, 61, 60, 570, 64, 59, 48, 88, 559, 63]","[0.6882702708244324, 0.6844096183776855, 0.6530047655105591, 0.6486853957176208, 0.6470019817352295, 0.6392366290092468, 0.6368273496627808, 0.6260325312614441, 0.5949684977531433, 0.5878068804740906]"
sample_002007,Đền Hùng,Chùa Hương,Chùa Hương,9.0,9.0,correct result exists in top-10 but not top-1,"[61, 88, 60, 559, 489, 554, 72, 63, 610, 570]","[0.717899739742279, 0.6800268888473511, 0.6414098739624023, 0.6263837814331055, 0.6008709073066711, 0.584235429763794, 0.5690174698829651, 0.568090558052063, 0.5494071841239929, 0.5443449020385742]"
sample_001983,Đền Hùng,Chùa Hương,Chùa Hương,2.0,2.0,correct result exists in top-10 but not top-1,"[63, 614, 554, 565, 560, 610, 568, 611, 203, 404]","[0.6077657341957092, 0.5342288017272949, 0.5155394673347473, 0.4762279689311981, 0.46780431270599365, 0.46472758054733276, 0.4567040503025055, 0.45635032653808594, 0.4544900953769684, 0.4537442922592163]"
sample_002073,Đền Hùng,Chùa Hương,Chùa Hương,3.0,3.0,correct result exists in top-10 but not top-1,"[62, 66, 607, 300, 613, 617, 307, 306, 503, 606]","[0.6847207546234131, 0.6805778741836548, 0.6318323612213135, 0.6155780553817749, 0.6028731465339661, 0.5975362658500671, 0.5889642834663391, 0.5889642834663391, 0.5837193727493286, 0.5712898969650269]"
sample_002664,Đỉnh Phanxipăng,Núi Bà Đen,Núi Bà Đen,36.0,36.0,correct result exists in top-100 but not top-10,"[341, 512, 551, 283, 434, 432, 431, 547, 297, 135]","[0.3513453006744385, 0.3513346314430237, 0.3386876881122589, 0.3362831175327301, 0.32945501804351807, 0.3270476758480072, 0.3160308599472046, 0.3157426416873932, 0.3127627968788147, 0.31140246987342834]"
sample_002289,Địa Đạo Củ Chi,Đèo Hải Vân,Đèo Hải Vân,6.0,6.0,correct result exists in top-10 but not top-1,"[540, 84, 226, 430, 2, 642, 670, 358, 399, 158]","[0.19553470611572266, 0.17313897609710693, 0.17113950848579407, 0.16536545753479004, 0.1604022979736328, 0.15798832476139069, 0.14986717700958252, 0.14840607345104218, 0.14709854125976562, 0.145264133810997]"
sample_002312,Địa Đạo Củ Chi,Dinh Độc Lập,Dinh Độc Lập,6.0,6.0,correct result exists in top-10 but not top-1,"[156, 147, 344, 639, 390, 652, 388, 637, 448, 391]","[0.8823282718658447, 0.8532675504684448, 0.08515939861536026, 0.0779331773519516, 0.0769265666604042, 0.07546305656433105, 0.07027857005596161, 0.06988897919654846, 0.06928396224975586, 0.06707882881164551]"
sample_002300,Địa Đạo Củ Chi,Đại Nội Huế,Đại Nội Huế,,,correct result absent from top-100,"[559, 610, 63, 616, 554, 61, 60, 72, 317, 570]","[0.6248769760131836, 0.5980983376502991, 0.5957074761390686, 0.5684942007064819, 0.5684336423873901, 0.562031090259552, 0.5440447330474854, 0.54114830493927, 0.5198447108268738, 0.5195954442024231]"
sample_002307,Địa Đạo Củ Chi,Vườn Quốc Gia Cúc Phương,Vườn Quốc Gia Cúc Phương,3.0,3.0,correct result exists in top-10 but not top-1,"[519, 521, 654, 513, 653, 649, 645, 512, 643, 518]","[0.4886021614074707, 0.38110265135765076, 0.3288448452949524, 0.3023437261581421, 0.28624776005744934, 0.27238568663597107, 0.2706296443939209, 0.27006644010543823, 0.2533610761165619, 0.22540847957134247]"
sample_002258,Địa Đạo Củ Chi,Bà Nà Hills - Cầu Vàng,Bà Nà Hills - Cầu Vàng,12.0,12.0,correct result exists in top-100 but not top-10,"[2, 33, 369, 522, 539, 535, 532, 410, 528, 399]","[0.43477702140808105, 0.3277507424354553, 0.28995901346206665, 0.289398193359375, 0.2879858613014221, 0.2780674397945404, 0.27759072184562683, 0.2750714421272278, 0.27438217401504517, 0.27297496795654297]"
sample_002365,Địa Đạo Củ Chi,Đại Nội Huế,Đại Nội Huế,,,correct result absent from top-100,"[554, 63, 54, 570, 55, 60, 301, 61, 565, 559]","[0.6513826251029968, 0.646123468875885, 0.5877605676651001, 0.5411900281906128, 0.5403913855552673, 0.5357784628868103, 0.5188204646110535, 0.5167532563209534, 0.5133882761001587, 0.5110146999359131]"
sample_002410,Địa Đạo Củ Chi,Chùa Một Cột,Chùa Một Cột,,,correct result absent from top-100,"[88, 61, 64, 60, 63, 72, 570, 559, 554, 489]","[0.5146355032920837, 0.44322484731674194, 0.3997233510017395, 0.3915502429008484, 0.38395652174949646, 0.37697556614875793, 0.373104065656662, 0.3718278706073761, 0.3587956428527832, 0.35531479120254517]"
sample_002348,Địa Đạo Củ Chi,Đảo Cù Lao Chàm,Đảo Cù Lao Chàm,3.0,3.0,correct result exists in top-10 but not top-1,"[580, 569, 648, 548, 587, 647, 382, 656, 226, 518]","[0.07395407557487488, 0.06610392779111862, 0.06448985636234283, 0.05591133236885071, 0.05577007681131363, 0.05465926229953766, 0.05438845232129097, 0.052894558757543564, 0.05276532843708992, 0.05143982172012329]"
sample_002823,Đồi Cát Bay Mũi Né,Đảo Cù Lao Chàm,Đảo Cù Lao Chàm,97.0,97.0,correct result exists in top-100 but not top-10,"[584, 586, 597, 589, 366, 123, 595, 419, 381, 524]","[0.604806125164032, 0.5849173665046692, 0.41423240303993225, 0.3638278841972351, 0.3616337776184082, 0.3540877103805542, 0.3418215811252594, 0.3360626995563507, 0.3277040123939514, 0.3233816623687744]"
