id,label,dataset_index,split
sample_000061,Bà Nà Hills - Cầu Vàng,61,gallery
sample_000109,Bà Nà Hills - Cầu Vàng,109,gallery
sample_000060,Bà Nà Hills - Cầu Vàng,60,gallery
sample_000085,Bà Nà Hills - Cầu Vàng,85,gallery
sample_000067,Bà Nà Hills - Cầu Vàng,67,gallery
sample_000074,Bà Nà Hills - Cầu Vàng,74,gallery
sample_000049,Bà Nà Hills - Cầu Vàng,49,gallery
sample_000098,Bà Nà Hills - Cầu Vàng,98,gallery
sample_000035,Bà Nà Hills - Cầu Vàng,35,gallery
sample_000053,Bà Nà Hills - Cầu Vàng,53,gallery
sample_000036,Bà Nà Hills - Cầu Vàng,36,gallery
sample_000008,Bà Nà Hills - Cầu Vàng,8,gallery
sample_000327,Bưu Điện Sài Gòn,327,gallery
sample_000351,Bưu Điện Sài Gòn,351,gallery
sample_000268,Bưu Điện Sài Gòn,268,gallery
sample_000334,Bưu Điện Sài Gòn,334,gallery
sample_000248,Bưu Điện Sài Gòn,248,gallery
sample_000298,Bưu Điện Sài Gòn,298,gallery
sample_000375,Bưu Điện Sài Gòn,375,gallery
sample_000333,Bưu Điện Sài Gòn,333,gallery
sample_000311,Bưu Điện Sài Gòn,311,gallery
sample_000271,Bưu Điện Sài Gòn,271,gallery
sample_000408,Bưu Điện Sài Gòn,408,gallery
sample_000347,Bưu Điện Sài Gòn,347,gallery
sample_000294,Bưu Điện Sài Gòn,294,gallery
sample_000325,Bưu Điện Sài Gòn,325,gallery
sample_000361,Bưu Điện Sài Gòn,361,gallery
sample_000260,Bưu Điện Sài Gòn,260,gallery
sample_000330,Bưu Điện Sài Gòn,330,gallery
sample_000386,Bưu Điện Sài Gòn,386,gallery
sample_000138,Bến Ninh Kiều,138,gallery
sample_000182,Bến Ninh Kiều,182,gallery
sample_000232,Bến Ninh Kiều,232,gallery
sample_000148,Bến Ninh Kiều,148,gallery
sample_000144,Bến Ninh Kiều,144,gallery
sample_000189,Bến Ninh Kiều,189,gallery
sample_000179,Bến Ninh Kiều,179,gallery
sample_000180,Bến Ninh Kiều,180,gallery
sample_000147,Bến Ninh Kiều,147,gallery
sample_000228,Bến Ninh Kiều,228,gallery
sample_000141,Bến Ninh Kiều,141,gallery
sample_000207,Bến Ninh Kiều,207,gallery
sample_000188,Bến Ninh Kiều,188,gallery
sample_000810,Chùa Bái Đính,810,gallery
sample_000726,Chùa Bái Đính,726,gallery
sample_000791,Chùa Bái Đính,791,gallery
sample_000813,Chùa Bái Đính,813,gallery
sample_000760,Chùa Bái Đính,760,gallery
sample_000847,Chùa Bái Đính,847,gallery
sample_000844,Chùa Bái Đính,844,gallery
sample_000731,Chùa Bái Đính,731,gallery
sample_000762,Chùa Bái Đính,762,gallery
sample_000741,Chùa Bái Đính,741,gallery
sample_000817,Chùa Bái Đính,817,gallery
sample_000703,Chùa Bái Đính,703,gallery
sample_000768,Chùa Bái Đính,768,gallery
sample_000778,Chùa Bái Đính,778,gallery
sample_000820,Chùa Bái Đính,820,gallery
sample_000725,Chùa Bái Đính,725,gallery
sample_000973,Chùa Hương,973,gallery
sample_000936,Chùa Hương,936,gallery
sample_000881,Chùa Hương,881,gallery
sample_000915,Chùa Hương,915,gallery
sample_001001,Chùa Hương,1001,gallery
sample_000966,Chùa Hương,966,gallery
sample_000860,Chùa Hương,860,gallery
sample_000926,Chùa Hương,926,gallery
sample_000909,Chùa Hương,909,gallery
sample_001007,Chùa Hương,1007,gallery
sample_000892,Chùa Hương,892,gallery
sample_000944,Chùa Hương,944,gallery
sample_000952,Chùa Hương,952,gallery
sample_000874,Chùa Hương,874,gallery
sample_000906,Chùa Hương,906,gallery
sample_000924,Chùa Hương,924,gallery
sample_000918,Chùa Hương,918,gallery
sample_000901,Chùa Hương,901,gallery
sample_001189,Chùa Một Cột,1189,gallery
sample_001252,Chùa Một Cột,1252,gallery
sample_001045,Chùa Một Cột,1045,gallery
sample_001086,Chùa Một Cột,1086,gallery
sample_001117,Chùa Một Cột,1117,gallery
sample_001126,Chùa Một Cột,1126,gallery
sample_001211,Chùa Một Cột,1211,gallery
sample_001158,Chùa Một Cột,1158,gallery
sample_001205,Chùa Một Cột,1205,gallery
sample_001044,Chùa Một Cột,1044,gallery
sample_001080,Chùa Một Cột,1080,gallery
sample_001191,Chùa Một Cột,1191,gallery
sample_001098,Chùa Một Cột,1098,gallery
sample_001143,Chùa Một Cột,1143,gallery
sample_001197,Chùa Một Cột,1197,gallery
sample_001046,Chùa Một Cột,1046,gallery
sample_001089,Chùa Một Cột,1089,gallery
sample_001257,Chùa Một Cột,1257,gallery
sample_001151,Chùa Một Cột,1151,gallery
sample_001130,Chùa Một Cột,1130,gallery
sample_001174,Chùa Một Cột,1174,gallery
sample_001231,Chùa Một Cột,1231,gallery
sample_001255,Chùa Một Cột,1255,gallery
sample_000521,Chợ Bến Thành,521,gallery
sample_000573,Chợ Bến Thành,573,gallery
sample_000479,Chợ Bến Thành,479,gallery
sample_000608,Chợ Bến Thành,608,gallery
sample_000614,Chợ Bến Thành,614,gallery
sample_000613,Chợ Bến Thành,613,gallery
sample_000497,Chợ Bến Thành,497,gallery
sample_000569,Chợ Bến Thành,569,gallery
sample_000503,Chợ Bến Thành,503,gallery
sample_000458,Chợ Bến Thành,458,gallery
sample_000527,Chợ Bến Thành,527,gallery
sample_000420,Chợ Bến Thành,420,gallery
sample_000520,Chợ Bến Thành,520,gallery
sample_000559,Chợ Bến Thành,559,gallery
sample_000477,Chợ Bến Thành,477,gallery
sample_000482,Chợ Bến Thành,482,gallery
sample_000441,Chợ Bến Thành,441,gallery
sample_000535,Chợ Bến Thành,535,gallery
sample_000471,Chợ Bến Thành,471,gallery
sample_000603,Chợ Bến Thành,603,gallery
sample_000677,Chợ Nổi Cái Răng,677,gallery
sample_000617,Chợ Nổi Cái Răng,617,gallery
sample_000660,Chợ Nổi Cái Răng,660,gallery
sample_000693,Chợ Nổi Cái Răng,693,gallery
sample_000674,Chợ Nổi Cái Răng,674,gallery
sample_000658,Chợ Nổi Cái Răng,658,gallery
sample_000663,Chợ Nổi Cái Răng,663,gallery
sample_000626,Chợ Nổi Cái Răng,626,gallery
sample_001394,Cột Cờ Lũng Cú,1394,gallery
sample_001349,Cột Cờ Lũng Cú,1349,gallery
sample_001406,Cột Cờ Lũng Cú,1406,gallery
sample_001343,Cột Cờ Lũng Cú,1343,gallery
sample_001282,Cột Cờ Lũng Cú,1282,gallery
sample_001440,Cột Cờ Lũng Cú,1440,gallery
sample_001324,Cột Cờ Lũng Cú,1324,gallery
sample_001445,Cột Cờ Lũng Cú,1445,gallery
sample_001418,Cột Cờ Lũng Cú,1418,gallery
sample_001344,Cột Cờ Lũng Cú,1344,gallery
sample_001285,Cột Cờ Lũng Cú,1285,gallery
sample_001436,Cột Cờ Lũng Cú,1436,gallery
sample_001383,Cột Cờ Lũng Cú,1383,gallery
sample_001286,Cột Cờ Lũng Cú,1286,gallery
sample_001319,Cột Cờ Lũng Cú,1319,gallery
sample_001303,Cột Cờ Lũng Cú,1303,gallery
sample_001381,Cột Cờ Lũng Cú,1381,gallery
sample_001296,Cột Cờ Lũng Cú,1296,gallery
sample_001375,Cột Cờ Lũng Cú,1375,gallery
sample_002429,Dinh Độc Lập,2429,gallery
sample_002460,Dinh Độc Lập,2460,gallery
sample_002519,Dinh Độc Lập,2519,gallery
sample_002491,Dinh Độc Lập,2491,gallery
sample_002497,Dinh Độc Lập,2497,gallery
sample_002419,Dinh Độc Lập,2419,gallery
sample_002503,Dinh Độc Lập,2503,gallery
sample_002540,Dinh Độc Lập,2540,gallery
sample_002550,Dinh Độc Lập,2550,gallery
sample_002477,Dinh Độc Lập,2477,gallery
sample_002499,Dinh Độc Lập,2499,gallery
sample_002461,Dinh Độc Lập,2461,gallery
sample_002549,Dinh Độc Lập,2549,gallery
sample_002414,Dinh Độc Lập,2414,gallery
sample_002525,Dinh Độc Lập,2525,gallery
sample_003040,Ghềnh Đá Đĩa,3040,gallery
sample_003096,Ghềnh Đá Đĩa,3096,gallery
sample_003121,Ghềnh Đá Đĩa,3121,gallery
sample_003078,Ghềnh Đá Đĩa,3078,gallery
sample_002955,Ghềnh Đá Đĩa,2955,gallery
sample_003067,Ghềnh Đá Đĩa,3067,gallery
sample_003039,Ghềnh Đá Đĩa,3039,gallery
sample_003087,Ghềnh Đá Đĩa,3087,gallery
sample_002974,Ghềnh Đá Đĩa,2974,gallery
sample_002973,Ghềnh Đá Đĩa,2973,gallery
sample_002967,Ghềnh Đá Đĩa,2967,gallery
sample_002987,Ghềnh Đá Đĩa,2987,gallery
sample_003089,Ghềnh Đá Đĩa,3089,gallery
sample_003045,Ghềnh Đá Đĩa,3045,gallery
sample_002966,Ghềnh Đá Đĩa,2966,gallery
sample_003108,Ghềnh Đá Đĩa,3108,gallery
sample_003005,Ghềnh Đá Đĩa,3005,gallery
sample_003083,Ghềnh Đá Đĩa,3083,gallery
sample_003251,Hang Sơn Đoòng,3251,gallery
sample_003275,Hang Sơn Đoòng,3275,gallery
sample_003257,Hang Sơn Đoòng,3257,gallery
sample_003288,Hang Sơn Đoòng,3288,gallery
sample_003225,Hang Sơn Đoòng,3225,gallery
sample_003236,Hang Sơn Đoòng,3236,gallery
sample_003138,Hang Sơn Đoòng,3138,gallery
sample_003206,Hang Sơn Đoòng,3206,gallery
sample_003230,Hang Sơn Đoòng,3230,gallery
sample_003232,Hang Sơn Đoòng,3232,gallery
sample_003142,Hang Sơn Đoòng,3142,gallery
sample_003204,Hang Sơn Đoòng,3204,gallery
sample_003217,Hang Sơn Đoòng,3217,gallery
sample_003279,Hang Sơn Đoòng,3279,gallery
sample_003263,Hang Sơn Đoòng,3263,gallery
sample_003287,Hang Sơn Đoòng,3287,gallery
sample_003155,Hang Sơn Đoòng,3155,gallery
sample_003699,Hoàng Thành Thăng Long,3699,gallery
sample_003785,Hoàng Thành Thăng Long,3785,gallery
sample_003684,Hoàng Thành Thăng Long,3684,gallery
sample_003658,Hoàng Thành Thăng Long,3658,gallery
sample_003749,Hoàng Thành Thăng Long,3749,gallery
sample_003719,Hoàng Thành Thăng Long,3719,gallery
sample_003692,Hoàng Thành Thăng Long,3692,gallery
sample_003693,Hoàng Thành Thăng Long,3693,gallery
sample_003733,Hoàng Thành Thăng Long,3733,gallery
sample_003766,Hoàng Thành Thăng Long,3766,gallery
sample_003721,Hoàng Thành Thăng Long,3721,gallery
sample_003790,Hoàng Thành Thăng Long,3790,gallery
sample_003786,Hoàng Thành Thăng Long,3786,gallery
sample_003722,Hoàng Thành Thăng Long,3722,gallery
sample_003705,Hoàng Thành Thăng Long,3705,gallery
sample_003316,Hồ Ba Bể,3316,gallery
sample_003306,Hồ Ba Bể,3306,gallery
sample_003341,Hồ Ba Bể,3341,gallery
sample_003327,Hồ Ba Bể,3327,gallery
sample_003366,Hồ Ba Bể,3366,gallery
sample_003425,Hồ Ba Bể,3425,gallery
sample_003308,Hồ Ba Bể,3308,gallery
sample_003485,Hồ Ba Bể,3485,gallery
sample_003460,Hồ Ba Bể,3460,gallery
sample_003475,Hồ Ba Bể,3475,gallery
sample_003454,Hồ Ba Bể,3454,gallery
sample_003320,Hồ Ba Bể,3320,gallery
sample_003469,Hồ Ba Bể,3469,gallery
sample_003421,Hồ Ba Bể,3421,gallery
sample_003387,Hồ Ba Bể,3387,gallery
sample_003304,Hồ Ba Bể,3304,gallery
sample_003338,Hồ Ba Bể,3338,gallery
sample_003447,Hồ Ba Bể,3447,gallery
sample_003384,Hồ Ba Bể,3384,gallery
sample_003627,Hồ Gươm,3627,gallery
sample_003522,Hồ Gươm,3522,gallery
sample_003562,Hồ Gươm,3562,gallery
sample_003599,Hồ Gươm,3599,gallery
sample_003543,Hồ Gươm,3543,gallery
sample_003532,Hồ Gươm,3532,gallery
sample_003511,Hồ Gươm,3511,gallery
sample_003570,Hồ Gươm,3570,gallery
sample_003560,Hồ Gươm,3560,gallery
sample_003489,Hồ Gươm,3489,gallery
sample_003541,Hồ Gươm,3541,gallery
sample_003641,Hồ Gươm,3641,gallery
sample_003494,Hồ Gươm,3494,gallery
sample_003572,Hồ Gươm,3572,gallery
sample_003535,Hồ Gươm,3535,gallery
sample_003637,Hồ Gươm,3637,gallery
sample_003813,Landmark 81,3813,gallery
sample_003938,Landmark 81,3938,gallery
sample_003869,Landmark 81,3869,gallery
sample_003860,Landmark 81,3860,gallery
sample_003873,Landmark 81,3873,gallery
sample_003852,Landmark 81,3852,gallery
sample_003914,Landmark 81,3914,gallery
sample_003894,Landmark 81,3894,gallery
sample_003937,Landmark 81,3937,gallery
sample_003909,Landmark 81,3909,gallery
sample_003844,Landmark 81,3844,gallery
sample_003871,Landmark 81,3871,gallery
sample_003824,Landmark 81,3824,gallery
sample_003862,Landmark 81,3862,gallery
sample_003940,Landmark 81,3940,gallery
sample_004070,Lăng Chủ Tịch Hồ Chí Minh,4070,gallery
sample_003962,Lăng Chủ Tịch Hồ Chí Minh,3962,gallery
sample_003971,Lăng Chủ Tịch Hồ Chí Minh,3971,gallery
sample_003998,Lăng Chủ Tịch Hồ Chí Minh,3998,gallery
sample_003967,Lăng Chủ Tịch Hồ Chí Minh,3967,gallery
sample_003972,Lăng Chủ Tịch Hồ Chí Minh,3972,gallery
sample_003982,Lăng Chủ Tịch Hồ Chí Minh,3982,gallery
sample_003954,Lăng Chủ Tịch Hồ Chí Minh,3954,gallery
sample_004088,Lăng Chủ Tịch Hồ Chí Minh,4088,gallery
sample_004008,Lăng Chủ Tịch Hồ Chí Minh,4008,gallery
sample_004049,Lăng Chủ Tịch Hồ Chí Minh,4049,gallery
sample_003979,Lăng Chủ Tịch Hồ Chí Minh,3979,gallery
sample_004001,Lăng Chủ Tịch Hồ Chí Minh,4001,gallery
sample_003995,Lăng Chủ Tịch Hồ Chí Minh,3995,gallery
sample_003989,Lăng Chủ Tịch Hồ Chí Minh,3989,gallery
sample_004063,Lăng Chủ Tịch Hồ Chí Minh,4063,gallery
sample_004227,Mù Cang Chải,4227,gallery
sample_004140,Mù Cang Chải,4140,gallery
sample_004130,Mù Cang Chải,4130,gallery
sample_004260,Mù Cang Chải,4260,gallery
sample_004257,Mù Cang Chải,4257,gallery
sample_004277,Mù Cang Chải,4277,gallery
sample_004138,Mù Cang Chải,4138,gallery
sample_004186,Mù Cang Chải,4186,gallery
sample_004261,Mù Cang Chải,4261,gallery
sample_004117,Mù Cang Chải,4117,gallery
sample_004240,Mù Cang Chải,4240,gallery
sample_004110,Mù Cang Chải,4110,gallery
sample_004156,Mù Cang Chải,4156,gallery
sample_004272,Mù Cang Chải,4272,gallery
sample_004262,Mù Cang Chải,4262,gallery
sample_004124,Mù Cang Chải,4124,gallery
sample_004108,Mù Cang Chải,4108,gallery
sample_004126,Mù Cang Chải,4126,gallery
sample_004145,Mù Cang Chải,4145,gallery
sample_004143,Mù Cang Chải,4143,gallery
sample_004339,Ngũ Hành Sơn,4339,gallery
sample_004491,Ngũ Hành Sơn,4491,gallery
sample_004382,Ngũ Hành Sơn,4382,gallery
sample_004368,Ngũ Hành Sơn,4368,gallery
sample_004446,Ngũ Hành Sơn,4446,gallery
sample_004447,Ngũ Hành Sơn,4447,gallery
sample_004457,Ngũ Hành Sơn,4457,gallery
sample_004349,Ngũ Hành Sơn,4349,gallery
sample_004348,Ngũ Hành Sơn,4348,gallery
sample_004373,Ngũ Hành Sơn,4373,gallery
sample_004333,Ngũ Hành Sơn,4333,gallery
sample_004464,Ngũ Hành Sơn,4464,gallery
sample_004329,Ngũ Hành Sơn,4329,gallery
sample_004356,Ngũ Hành Sơn,4356,gallery
sample_004462,Ngũ Hành Sơn,4462,gallery
sample_004300,Ngũ Hành Sơn,4300,gallery
sample_004495,Ngũ Hành Sơn,4495,gallery
sample_004380,Ngũ Hành Sơn,4380,gallery
sample_004350,Ngũ Hành Sơn,4350,gallery
sample_004486,Ngũ Hành Sơn,4486,gallery
sample_004553,Nhà Thờ Đức Bà,4553,gallery
sample_004589,Nhà Thờ Đức Bà,4589,gallery
sample_004526,Nhà Thờ Đức Bà,4526,gallery
sample_004574,Nhà Thờ Đức Bà,4574,gallery
sample_004497,Nhà Thờ Đức Bà,4497,gallery
sample_004521,Nhà Thờ Đức Bà,4521,gallery
sample_004628,Nhà Thờ Đức Bà,4628,gallery
sample_004682,Nhà Thờ Đức Bà,4682,gallery
sample_004509,Nhà Thờ Đức Bà,4509,gallery
sample_004562,Nhà Thờ Đức Bà,4562,gallery
sample_004584,Nhà Thờ Đức Bà,4584,gallery
sample_004530,Nhà Thờ Đức Bà,4530,gallery
sample_004669,Nhà Thờ Đức Bà,4669,gallery
sample_004639,Nhà Thờ Đức Bà,4639,gallery
sample_004664,Nhà Thờ Đức Bà,4664,gallery
sample_004566,Nhà Thờ Đức Bà,4566,gallery
sample_004560,Nhà Thờ Đức Bà,4560,gallery
sample_004663,Nhà Thờ Đức Bà,4663,gallery
sample_004548,Nhà Thờ Đức Bà,4548,gallery
sample_004811,Núi Bà Đen,4811,gallery
sample_004817,Núi Bà Đen,4817,gallery
sample_004839,Núi Bà Đen,4839,gallery
sample_004710,Núi Bà Đen,4710,gallery
sample_004838,Núi Bà Đen,4838,gallery
sample_004807,Núi Bà Đen,4807,gallery
sample_004833,Núi Bà Đen,4833,gallery
sample_004712,Núi Bà Đen,4712,gallery
sample_004735,Núi Bà Đen,4735,gallery
sample_004808,Núi Bà Đen,4808,gallery
sample_004690,Núi Bà Đen,4690,gallery
sample_004799,Núi Bà Đen,4799,gallery
sample_004701,Núi Bà Đen,4701,gallery
sample_004837,Núi Bà Đen,4837,gallery
sample_004723,Núi Bà Đen,4723,gallery
sample_004829,Núi Bà Đen,4829,gallery
sample_004797,Núi Bà Đen,4797,gallery
sample_004727,Núi Bà Đen,4727,gallery
sample_005014,Phong Nha - Kẻ Bàng,5014,gallery
sample_005110,Phong Nha - Kẻ Bàng,5110,gallery
sample_005005,Phong Nha - Kẻ Bàng,5005,gallery
sample_004999,Phong Nha - Kẻ Bàng,4999,gallery
sample_005089,Phong Nha - Kẻ Bàng,5089,gallery
sample_005044,Phong Nha - Kẻ Bàng,5044,gallery
sample_005088,Phong Nha - Kẻ Bàng,5088,gallery
sample_005120,Phong Nha - Kẻ Bàng,5120,gallery
sample_005076,Phong Nha - Kẻ Bàng,5076,gallery
sample_004993,Phong Nha - Kẻ Bàng,4993,gallery
sample_005023,Phong Nha - Kẻ Bàng,5023,gallery
sample_004985,Phong Nha - Kẻ Bàng,4985,gallery
sample_005032,Phong Nha - Kẻ Bàng,5032,gallery
sample_004988,Phong Nha - Kẻ Bàng,4988,gallery
sample_005069,Phong Nha - Kẻ Bàng,5069,gallery
sample_005133,Phong Nha - Kẻ Bàng,5133,gallery
sample_004878,Phố Cổ Hội An,4878,gallery
sample_004915,Phố Cổ Hội An,4915,gallery
sample_004939,Phố Cổ Hội An,4939,gallery
sample_004896,Phố Cổ Hội An,4896,gallery
sample_004950,Phố Cổ Hội An,4950,gallery
sample_004886,Phố Cổ Hội An,4886,gallery
sample_004870,Phố Cổ Hội An,4870,gallery
sample_004885,Phố Cổ Hội An,4885,gallery
sample_004865,Phố Cổ Hội An,4865,gallery
sample_004981,Phố Cổ Hội An,4981,gallery
sample_004882,Phố Cổ Hội An,4882,gallery
sample_004926,Phố Cổ Hội An,4926,gallery
sample_004964,Phố Cổ Hội An,4964,gallery
sample_005297,Quảng Trường Lâm Viên,5297,gallery
sample_005352,Quảng Trường Lâm Viên,5352,gallery
sample_005390,Quảng Trường Lâm Viên,5390,gallery
sample_005363,Quảng Trường Lâm Viên,5363,gallery
sample_005366,Quảng Trường Lâm Viên,5366,gallery
sample_005391,Quảng Trường Lâm Viên,5391,gallery
sample_005317,Quảng Trường Lâm Viên,5317,gallery
sample_005344,Quảng Trường Lâm Viên,5344,gallery
sample_005395,Quảng Trường Lâm Viên,5395,gallery
sample_005283,Quảng Trường Lâm Viên,5283,gallery
sample_005355,Quảng Trường Lâm Viên,5355,gallery
sample_005324,Quảng Trường Lâm Viên,5324,gallery
sample_005309,Quảng Trường Lâm Viên,5309,gallery
sample_005325,Quảng Trường Lâm Viên,5325,gallery
sample_005261,Quần Thể Tràng An,5261,gallery
sample_005208,Quần Thể Tràng An,5208,gallery
sample_005170,Quần Thể Tràng An,5170,gallery
sample_005178,Quần Thể Tràng An,5178,gallery
sample_005235,Quần Thể Tràng An,5235,gallery
sample_005187,Quần Thể Tràng An,5187,gallery
sample_005236,Quần Thể Tràng An,5236,gallery
sample_005237,Quần Thể Tràng An,5237,gallery
sample_005151,Quần Thể Tràng An,5151,gallery
sample_005250,Quần Thể Tràng An,5250,gallery
sample_005146,Quần Thể Tràng An,5146,gallery
sample_005190,Quần Thể Tràng An,5190,gallery
sample_005487,Tam Cốc - Bích Động,5487,gallery
sample_005453,Tam Cốc - Bích Động,5453,gallery
sample_005437,Tam Cốc - Bích Động,5437,gallery
sample_005503,Tam Cốc - Bích Động,5503,gallery
sample_005521,Tam Cốc - Bích Động,5521,gallery
sample_005404,Tam Cốc - Bích Động,5404,gallery
sample_005442,Tam Cốc - Bích Động,5442,gallery
sample_005449,Tam Cốc - Bích Động,5449,gallery
sample_005554,Tam Cốc - Bích Động,5554,gallery
sample_005424,Tam Cốc - Bích Động,5424,gallery
sample_005575,Tam Cốc - Bích Động,5575,gallery
sample_005501,Tam Cốc - Bích Động,5501,gallery
sample_005422,Tam Cốc - Bích Động,5422,gallery
sample_005461,Tam Cốc - Bích Động,5461,gallery
sample_005464,Tam Cốc - Bích Động,5464,gallery
sample_005507,Tam Cốc - Bích Động,5507,gallery
sample_005557,Tam Cốc - Bích Động,5557,gallery
sample_005408,Tam Cốc - Bích Động,5408,gallery
sample_005985,Thung Lũng Mường Hoa,5985,gallery
sample_005995,Thung Lũng Mường Hoa,5995,gallery
sample_005963,Thung Lũng Mường Hoa,5963,gallery
sample_005951,Thung Lũng Mường Hoa,5951,gallery
sample_005976,Thung Lũng Mường Hoa,5976,gallery
sample_005992,Thung Lũng Mường Hoa,5992,gallery
sample_005994,Thung Lũng Mường Hoa,5994,gallery
sample_005733,Thác Bản Giốc,5733,gallery
sample_005635,Thác Bản Giốc,5635,gallery
sample_005701,Thác Bản Giốc,5701,gallery
sample_005664,Thác Bản Giốc,5664,gallery
sample_005762,Thác Bản Giốc,5762,gallery
sample_005641,Thác Bản Giốc,5641,gallery
sample_005727,Thác Bản Giốc,5727,gallery
sample_005728,Thác Bản Giốc,5728,gallery
sample_005631,Thác Bản Giốc,5631,gallery
sample_005667,Thác Bản Giốc,5667,gallery
sample_005645,Thác Bản Giốc,5645,gallery
sample_005612,Thác Bản Giốc,5612,gallery
sample_005654,Thác Bản Giốc,5654,gallery
sample_005669,Thác Bản Giốc,5669,gallery
sample_005670,Thác Bản Giốc,5670,gallery
sample_005751,Thác Bản Giốc,5751,gallery
sample_005702,Thác Bản Giốc,5702,gallery
sample_005711,Thác Bản Giốc,5711,gallery
sample_005719,Thác Bản Giốc,5719,gallery
sample_005865,Thánh Địa Mỹ Sơn,5865,gallery
sample_005854,Thánh Địa Mỹ Sơn,5854,gallery
sample_005834,Thánh Địa Mỹ Sơn,5834,gallery
sample_005838,Thánh Địa Mỹ Sơn,5838,gallery
sample_005815,Thánh Địa Mỹ Sơn,5815,gallery
sample_005940,Thánh Địa Mỹ Sơn,5940,gallery
sample_005768,Thánh Địa Mỹ Sơn,5768,gallery
sample_005891,Thánh Địa Mỹ Sơn,5891,gallery
sample_005886,Thánh Địa Mỹ Sơn,5886,gallery
sample_005778,Thánh Địa Mỹ Sơn,5778,gallery
sample_005861,Thánh Địa Mỹ Sơn,5861,gallery
sample_005906,Thánh Địa Mỹ Sơn,5906,gallery
sample_005879,Thánh Địa Mỹ Sơn,5879,gallery
sample_005943,Thánh Địa Mỹ Sơn,5943,gallery
sample_005767,Thánh Địa Mỹ Sơn,5767,gallery
sample_005847,Thánh Địa Mỹ Sơn,5847,gallery
sample_005908,Thánh Địa Mỹ Sơn,5908,gallery
sample_005921,Thánh Địa Mỹ Sơn,5921,gallery
sample_006116,Tượng Chúa Kitô,6116,gallery
sample_006120,Tượng Chúa Kitô,6120,gallery
sample_006110,Tượng Chúa Kitô,6110,gallery
sample_006163,Tượng Chúa Kitô,6163,gallery
sample_006018,Tượng Chúa Kitô,6018,gallery
sample_006080,Tượng Chúa Kitô,6080,gallery
sample_006063,Tượng Chúa Kitô,6063,gallery
sample_006065,Tượng Chúa Kitô,6065,gallery
sample_006167,Tượng Chúa Kitô,6167,gallery
sample_006015,Tượng Chúa Kitô,6015,gallery
sample_006154,Tượng Chúa Kitô,6154,gallery
sample_006029,Tượng Chúa Kitô,6029,gallery
sample_006175,Tượng Chúa Kitô,6175,gallery
sample_006040,Tượng Chúa Kitô,6040,gallery
sample_006076,Tượng Chúa Kitô,6076,gallery
sample_006046,Tượng Chúa Kitô,6046,gallery
sample_006145,Tượng Chúa Kitô,6145,gallery
sample_006290,Văn Miếu - Quốc Tử Giám,6290,gallery
sample_006228,Văn Miếu - Quốc Tử Giám,6228,gallery
sample_006268,Văn Miếu - Quốc Tử Giám,6268,gallery
sample_006191,Văn Miếu - Quốc Tử Giám,6191,gallery
sample_006320,Văn Miếu - Quốc Tử Giám,6320,gallery
sample_006314,Văn Miếu - Quốc Tử Giám,6314,gallery
sample_006326,Văn Miếu - Quốc Tử Giám,6326,gallery
sample_006182,Văn Miếu - Quốc Tử Giám,6182,gallery
sample_006279,Văn Miếu - Quốc Tử Giám,6279,gallery
sample_006211,Văn Miếu - Quốc Tử Giám,6211,gallery
sample_006224,Văn Miếu - Quốc Tử Giám,6224,gallery
sample_006219,Văn Miếu - Quốc Tử Giám,6219,gallery
sample_006231,Văn Miếu - Quốc Tử Giám,6231,gallery
sample_006192,Văn Miếu - Quốc Tử Giám,6192,gallery
sample_006297,Văn Miếu - Quốc Tử Giám,6297,gallery
sample_006303,Văn Miếu - Quốc Tử Giám,6303,gallery
sample_006216,Văn Miếu - Quốc Tử Giám,6216,gallery
sample_006607,Vườn Quốc Gia Cúc Phương,6607,gallery
sample_006581,Vườn Quốc Gia Cúc Phương,6581,gallery
sample_006559,Vườn Quốc Gia Cúc Phương,6559,gallery
sample_006569,Vườn Quốc Gia Cúc Phương,6569,gallery
sample_006641,Vườn Quốc Gia Cúc Phương,6641,gallery
sample_006579,Vườn Quốc Gia Cúc Phương,6579,gallery
sample_006676,Vườn Quốc Gia Cúc Phương,6676,gallery
sample_006603,Vườn Quốc Gia Cúc Phương,6603,gallery
sample_006544,Vườn Quốc Gia Cúc Phương,6544,gallery
sample_006565,Vườn Quốc Gia Cúc Phương,6565,gallery
sample_006555,Vườn Quốc Gia Cúc Phương,6555,gallery
sample_006540,Vườn Quốc Gia Cúc Phương,6540,gallery
sample_006545,Vườn Quốc Gia Cúc Phương,6545,gallery
sample_006616,Vườn Quốc Gia Cúc Phương,6616,gallery
sample_006606,Vườn Quốc Gia Cúc Phương,6606,gallery
sample_006601,Vườn Quốc Gia Cúc Phương,6601,gallery
sample_006407,Vịnh Hạ Long,6407,gallery
sample_006497,Vịnh Hạ Long,6497,gallery
sample_006416,Vịnh Hạ Long,6416,gallery
sample_006498,Vịnh Hạ Long,6498,gallery
sample_006399,Vịnh Hạ Long,6399,gallery
sample_006481,Vịnh Hạ Long,6481,gallery
sample_006402,Vịnh Hạ Long,6402,gallery
sample_006419,Vịnh Hạ Long,6419,gallery
sample_006414,Vịnh Hạ Long,6414,gallery
sample_006452,Vịnh Hạ Long,6452,gallery
sample_006490,Vịnh Hạ Long,6490,gallery
sample_006484,Vịnh Hạ Long,6484,gallery
sample_006378,Vịnh Hạ Long,6378,gallery
sample_006505,Vịnh Hạ Long,6505,gallery
sample_006382,Vịnh Hạ Long,6382,gallery
sample_006464,Vịnh Hạ Long,6464,gallery
sample_006366,Vịnh Hạ Long,6366,gallery
sample_006437,Vịnh Hạ Long,6437,gallery
sample_002253,Đèo Hải Vân,2253,gallery
sample_002175,Đèo Hải Vân,2175,gallery
sample_002229,Đèo Hải Vân,2229,gallery
sample_002165,Đèo Hải Vân,2165,gallery
sample_002201,Đèo Hải Vân,2201,gallery
sample_002139,Đèo Hải Vân,2139,gallery
sample_002208,Đèo Hải Vân,2208,gallery
sample_002143,Đèo Hải Vân,2143,gallery
sample_002185,Đèo Hải Vân,2185,gallery
sample_002223,Đèo Hải Vân,2223,gallery
sample_002205,Đèo Hải Vân,2205,gallery
sample_002212,Đèo Hải Vân,2212,gallery
sample_002132,Đèo Hải Vân,2132,gallery
sample_002197,Đèo Hải Vân,2197,gallery
sample_001456,Đại Nội Huế,1456,gallery
sample_001491,Đại Nội Huế,1491,gallery
sample_001620,Đại Nội Huế,1620,gallery
sample_001631,Đại Nội Huế,1631,gallery
sample_001602,Đại Nội Huế,1602,gallery
sample_001506,Đại Nội Huế,1506,gallery
sample_001460,Đại Nội Huế,1460,gallery
sample_001554,Đại Nội Huế,1554,gallery
sample_001466,Đại Nội Huế,1466,gallery
sample_001453,Đại Nội Huế,1453,gallery
sample_001595,Đại Nội Huế,1595,gallery
sample_001489,Đại Nội Huế,1489,gallery
sample_001541,Đại Nội Huế,1541,gallery
sample_001514,Đại Nội Huế,1514,gallery
sample_001473,Đại Nội Huế,1473,gallery
sample_001580,Đại Nội Huế,1580,gallery
sample_001565,Đại Nội Huế,1565,gallery
sample_001615,Đại Nội Huế,1615,gallery
sample_001731,Đảo Cù Lao Chàm,1731,gallery
sample_001716,Đảo Cù Lao Chàm,1716,gallery
sample_001794,Đảo Cù Lao Chàm,1794,gallery
sample_001798,Đảo Cù Lao Chàm,1798,gallery
sample_001681,Đảo Cù Lao Chàm,1681,gallery
sample_001672,Đảo Cù Lao Chàm,1672,gallery
sample_001665,Đảo Cù Lao Chàm,1665,gallery
sample_001689,Đảo Cù Lao Chàm,1689,gallery
sample_001734,Đảo Cù Lao Chàm,1734,gallery
sample_001762,Đảo Cù Lao Chàm,1762,gallery
sample_001738,Đảo Cù Lao Chàm,1738,gallery
sample_001733,Đảo Cù Lao Chàm,1733,gallery
sample_001721,Đảo Cù Lao Chàm,1721,gallery
sample_001694,Đảo Cù Lao Chàm,1694,gallery
sample_001711,Đảo Cù Lao Chàm,1711,gallery
sample_001728,Đảo Cù Lao Chàm,1728,gallery
sample_001682,Đảo Cù Lao Chàm,1682,gallery
sample_001789,Đảo Cù Lao Chàm,1789,gallery
sample_001864,Đảo Lý Sơn,1864,gallery
sample_001947,Đảo Lý Sơn,1947,gallery
sample_001836,Đảo Lý Sơn,1836,gallery
sample_001841,Đảo Lý Sơn,1841,gallery
sample_001948,Đảo Lý Sơn,1948,gallery
sample_001896,Đảo Lý Sơn,1896,gallery
sample_001955,Đảo Lý Sơn,1955,gallery
sample_001942,Đảo Lý Sơn,1942,gallery
sample_001913,Đảo Lý Sơn,1913,gallery
sample_001826,Đảo Lý Sơn,1826,gallery
sample_001940,Đảo Lý Sơn,1940,gallery
sample_001832,Đảo Lý Sơn,1832,gallery
sample_001837,Đảo Lý Sơn,1837,gallery
sample_001859,Đảo Lý Sơn,1859,gallery
sample_001878,Đảo Lý Sơn,1878,gallery
sample_002092,Đền Hùng,2092,gallery
sample_002065,Đền Hùng,2065,gallery
sample_002094,Đền Hùng,2094,gallery
sample_001985,Đền Hùng,1985,gallery
sample_002051,Đền Hùng,2051,gallery
sample_002054,Đền Hùng,2054,gallery
sample_002009,Đền Hùng,2009,gallery
sample_002062,Đền Hùng,2062,gallery
sample_002023,Đền Hùng,2023,gallery
sample_002104,Đền Hùng,2104,gallery
sample_001971,Đền Hùng,1971,gallery
sample_001974,Đền Hùng,1974,gallery
sample_002085,Đền Hùng,2085,gallery
sample_002024,Đền Hùng,2024,gallery
sample_001996,Đền Hùng,1996,gallery
sample_002047,Đền Hùng,2047,gallery
sample_002612,Đỉnh Phanxipăng,2612,gallery
sample_002735,Đỉnh Phanxipăng,2735,gallery
sample_002726,Đỉnh Phanxipăng,2726,gallery
sample_002613,Đỉnh Phanxipăng,2613,gallery
sample_002660,Đỉnh Phanxipăng,2660,gallery
sample_002641,Đỉnh Phanxipăng,2641,gallery
sample_002694,Đỉnh Phanxipăng,2694,gallery
sample_002623,Đỉnh Phanxipăng,2623,gallery
sample_002616,Đỉnh Phanxipăng,2616,gallery
sample_002658,Đỉnh Phanxipăng,2658,gallery
sample_002599,Đỉnh Phanxipăng,2599,gallery
sample_002731,Đỉnh Phanxipăng,2731,gallery
sample_002651,Đỉnh Phanxipăng,2651,gallery
sample_002707,Đỉnh Phanxipăng,2707,gallery
sample_002697,Đỉnh Phanxipăng,2697,gallery
sample_002670,Đỉnh Phanxipăng,2670,gallery
sample_002714,Đỉnh Phanxipăng,2714,gallery
sample_002677,Đỉnh Phanxipăng,2677,gallery
sample_002673,Đỉnh Phanxipăng,2673,gallery
sample_002582,Đỉnh Phanxipăng,2582,gallery
sample_002291,Địa Đạo Củ Chi,2291,gallery
sample_002334,Địa Đạo Củ Chi,2334,gallery
sample_002321,Địa Đạo Củ Chi,2321,gallery
sample_002332,Địa Đạo Củ Chi,2332,gallery
sample_002411,Địa Đạo Củ Chi,2411,gallery
sample_002305,Địa Đạo Củ Chi,2305,gallery
sample_002260,Địa Đạo Củ Chi,2260,gallery
sample_002408,Địa Đạo Củ Chi,2408,gallery
sample_002296,Địa Đạo Củ Chi,2296,gallery
sample_002404,Địa Đạo Củ Chi,2404,gallery
sample_002345,Địa Đạo Củ Chi,2345,gallery
sample_002398,Địa Đạo Củ Chi,2398,gallery
sample_002338,Địa Đạo Củ Chi,2338,gallery
sample_002395,Địa Đạo Củ Chi,2395,gallery
sample_002343,Địa Đạo Củ Chi,2343,gallery
sample_002362,Địa Đạo Củ Chi,2362,gallery
sample_002937,Đồi Cát Bay Mũi Né,2937,gallery
sample_002894,Đồi Cát Bay Mũi Né,2894,gallery
sample_002926,Đồi Cát Bay Mũi Né,2926,gallery
sample_002886,Đồi Cát Bay Mũi Né,2886,gallery
sample_002908,Đồi Cát Bay Mũi Né,2908,gallery
sample_002837,Đồi Cát Bay Mũi Né,2837,gallery
sample_002899,Đồi Cát Bay Mũi Né,2899,gallery
sample_002863,Đồi Cát Bay Mũi Né,2863,gallery
sample_002921,Đồi Cát Bay Mũi Né,2921,gallery
sample_002831,Đồi Cát Bay Mũi Né,2831,gallery
sample_002846,Đồi Cát Bay Mũi Né,2846,gallery
sample_002800,Đồi Cát Bay Mũi Né,2800,gallery
sample_002838,Đồi Cát Bay Mũi Né,2838,gallery
sample_002864,Đồi Cát Bay Mũi Né,2864,gallery
sample_002753,Đồi Cát Bay Mũi Né,2753,gallery
sample_002820,Đồi Cát Bay Mũi Né,2820,gallery
sample_002821,Đồi Cát Bay Mũi Né,2821,gallery
sample_002883,Đồi Cát Bay Mũi Né,2883,gallery
sample_002772,Đồi Cát Bay Mũi Né,2772,gallery
sample_002919,Đồi Cát Bay Mũi Né,2919,gallery
